timestamp,domain,status,code,method,rtt_ms,details,source_file
00:43:00,1cfresh.com,OK,200,HEAD,318.0,,1c
00:43:00,1c.ru,OK,200,HEAD,372.4,OK,1c
00:43:00,1c.ru,OK,200,HEAD,372.4,OK,genatest
00:43:00,bitrix24.ru,DNS_ERR,0,GET,0,DNS timeout,1c
00:43:00,1c-bitrix.ru,SSL_ERR,0,GET,0,SSL handshake failed,1c
00:43:00,1cloud.ru,OK,200,HEAD,289.3,OK,1cloud
00:43:00,1tv.ru,SSL_ERR,0,GET,0,SSL handshake failed,1tv
00:43:00,1internet.tv,SSL_ERR,0,GET,0,SSL handshake failed,1tv
00:43:00,2gis.com,OK,200,HEAD,812.2,OK,2gis
00:43:00,2gis.ru,DNS_ERR,0,GET,0,DNS timeout,2gis
00:43:00,2gis.ae,OK,200,HEAD,368.5,OK,2gis
00:43:00,aeroflot.ru,OK,200,HEAD,628.1,OK,aeroflot
00:43:00,alfabank.ru,OK,200,HEAD,472.8,OK,alfabank
00:43:00,auto.ru,OK,200,HEAD,540.7,OK,autoru
00:43:00,avito.ru,HTTP_ERR,429,HEAD,661.8,429 Too Many Requests,avito
00:43:00,avito.ru,HTTP_ERR,429,HEAD,661.8,429 Too Many Requests,genatest
00:43:00,avito.st,OK,302,HEAD,823.3,Found,avito
00:43:00,av.ru,DNS_ERR,0,GET,0,DNS timeout,avru
00:43:00,beeline.ru,DNS_ERR,0,GET,0,DNS timeout,beeline
00:43:00,bronevik.com,DNS_ERR,0,GET,0,DNS timeout,bronevik
00:43:00,trbcdn.net,HTTP_ERR,404,HEAD,421.3,404 Not Found,cdnvideo
00:43:00,citydrive.ru,HTTP_ERR,0,GET,0,Response error 400,citydrive
00:43:00,csat.ru,OK,200,HEAD,890.7,OK,csat
00:43:00,ddos-guard.net,SSL_ERR,0,GET,0,SSL handshake failed,ddosguard
00:43:00,dellin.ru,OK,200,HEAD,742.2,OK,dellin
00:43:00,dixy.ru,OK,200,HEAD,430.8,OK,dixy
00:43:00,dnevnik.ru,OK,200,HEAD,1006.7,OK,dnevnikru
00:43:00,dns-shop.ru,OK,200,HEAD,749.4,OK,dns-shop
00:43:00,dodopizza.ru,OK,200,HEAD,409.6,OK,dodopizza
00:43:00,dodopizza.com,SSL_ERR,0,GET,0,SSL handshake failed,dodopizza
00:43:00,dodostatic.net,DNS_ERR,0,-,0,Domain not resolved,dodopizza
00:43:00,dodois.com,SSL_ERR,0,GET,0,SSL handshake failed,dodopizza
00:43:00,dodois.io,DNS_ERR,0,-,0,Domain not resolved,dodopizza
00:43:00,domclick.ru,OK,200,HEAD,287.0,OK,domclick
00:43:00,dmclk.ru,SSL_ERR,0,GET,0,SSL handshake failed,domclick
00:43:00,www.drweb.ru,OK,200,HEAD,376.8,okay,drweb
00:43:00,www.drweb.com,SSL_ERR,0,GET,0,SSL handshake failed,drweb
00:43:00,dzen.ru,HTTP_ERR,0,GET,0,Response error 400,dzen
00:43:00,edadeal.ru,OK,200,HEAD,451.9,OK,edadeal
00:43:00,edadeal.io,UNKNOWN,0,GET,0,ServerDisconnectedError,edadeal
00:43:00,edgecdn.ru,SSL_ERR,0,GET,0,SSL handshake failed,edgecdn
00:43:00,envybox.io,DNS_ERR,0,GET,0,DNS timeout,envybox
00:43:00,fastvps.ru,OK,200,HEAD,379.1,OK,fastvps
00:43:00,fix-price.com,OK,200,HEAD,176.5,OK,fixprice
00:43:00,0.vps52.na-avtobus.ru,DNS_ERR,0,GET,0,DNS timeout,genatest
00:43:00,1-ofd.ru,SSL_ERR,0,GET,0,SSL handshake failed,genatest
00:43:00,100balov.info,RST,0,GET,0,Connection refused,genatest
00:43:00,100points.gitlab.yandexcloud.net,DNS_ERR,0,GET,0,DNS timeout,genatest
00:43:00,100points.ru,OK,200,HEAD,219.2,OK,genatest
00:43:00,100sp.ru,SSL_ERR,0,GET,0,SSL handshake failed,genatest
00:43:00,101-ru.super-net.cloud,DNS_ERR,0,GET,0,DNS timeout,genatest
00:43:00,12.digital,DNS_ERR,0,GET,0,DNS timeout,genatest
00:43:00,1ab.ru,DNS_ERR,0,GET,0,DNS timeout,genatest
00:43:00,1c-node1.rezalit-s.ru,DNS_ERR,0,GET,0,DNS timeout,genatest
00:43:00,1c.cfg0.ru,DNS_ERR,0,GET,0,DNS timeout,genatest
00:43:00,1c.dev.shkola800.ru,DNS_ERR,0,GET,0,DNS timeout,genatest
00:43:00,1cdocs.ru,OK,200,HEAD,237.3,OK,genatest
00:43:00,1corporation.container-deshevo.ru,DNS_ERR,0,GET,0,DNS timeout,genatest
00:43:00,1naves.ru,DNS_ERR,0,GET,0,DNS timeout,genatest
00:43:00,1tulatv.ru,DNS_ERR,0,GET,0,DNS timeout,genatest
00:43:00,2048.ya.ecofin.io,DNS_ERR,0,GET,0,DNS timeout,genatest
00:43:00,24.mediexpo.ru,DNS_ERR,0,GET,0,DNS timeout,genatest
00:43:00,25000za500.ru,DNS_ERR,0,-,0,Domain not resolved,genatest
00:43:00,2people.io,DNS_ERR,0,GET,0,DNS timeout,genatest
00:43:00,3ds-ds2.mirconnect.kpb.lt,DNS_ERR,0,GET,0,DNS timeout,genatest
00:43:00,4kam.net,OK,200,HEAD,391.0,OK,genatest
00:43:00,4lapy.ru,DNS_ERR,0,GET,0,DNS timeout,genatest
00:43:00,51.250.104.72.nip.io,DNS_ERR,0,GET,0,DNS timeout,genatest
00:43:00,51.250.29.101.sslip.io,DNS_ERR,0,GET,0,DNS timeout,genatest
00:43:00,5ka-actions-bi.yode.group,DNS_ERR,0,GET,0,DNS timeout,genatest
00:43:00,5post-gate-test.x5.ru,HTTP_ERR,404,HEAD,430.5,404 Not Found,genatest
00:43:00,5team.gitlab.yandexcloud.net,DNS_ERR,0,GET,0,DNS timeout,genatest
00:43:00,8fdbcd7a-prod.spbran.ru,DNS_ERR,0,GET,0,DNS timeout,genatest
00:43:00,a-fin.tech,DNS_ERR,0,-,0,Domain not resolved,genatest
00:43:00,a-red-soft.pca.ru,OK,200,HEAD,260.4,OK,genatest
00:43:00,a.69rays.ru,DNS_ERR,0,GET,0,DNS timeout,genatest
00:43:00,a.mts.ru,DNS_ERR,0,GET,0,DNS timeout,genatest
00:43:00,a.tastycoffee.ru,DNS_ERR,0,GET,0,DNS timeout,genatest
00:43:00,a.trbcdn.net,DNS_ERR,0,-,0,Domain not resolved,genatest
00:43:00,abinbevefes.app,DNS_ERR,0,GET,0,DNS timeout,genatest
00:43:00,absrealty.ru,OK,200,HEAD,1234.6,OK,genatest
00:43:00,ac.abins.ru,DNS_ERR,0,GET,0,DNS timeout,genatest
00:43:00,academcity.online,SSL_ERR,0,GET,0,SSL handshake failed,genatest
00:43:00,academy.limesub.digital,DNS_ERR,0,GET,0,DNS timeout,genatest
00:43:00,academy.winbd.ru,DNS_ERR,0,GET,0,DNS timeout,genatest
00:43:00,acc.mayak.avrora-tech.ru,DNS_ERR,0,GET,0,DNS timeout,genatest
00:43:00,activate.agisoft.com,DNS_ERR,0,GET,0,DNS timeout,genatest
00:43:00,activate.c01-03.ru,DNS_ERR,0,GET,0,DNS timeout,genatest
00:43:00,acuvue.ru,DNS_ERR,0,GET,0,DNS timeout,genatest
00:43:00,ad-cdek.ru,DNS_ERR,0,GET,0,DNS timeout,genatest
00:43:00,adapter.czn-office.ru,DNS_ERR,0,GET,0,DNS timeout,genatest
00:43:00,admbe-local1.insecatest.ru,DNS_ERR,0,GET,0,DNS timeout,genatest
00:43:00,admin-api2.owp1-trvl.ru,DNS_ERR,0,GET,0,DNS timeout,genatest
00:43:00,admin-dev.smartplan.x840.ru,DNS_ERR,0,GET,0,DNS timeout,genatest
00:43:00,admin.1717.ru,DNS_ERR,0,GET,0,DNS timeout,genatest
00:43:00,admin.4security.ru,DNS_ERR,0,GET,0,DNS timeout,genatest
00:43:00,admin.app.ecomcom.io,DNS_ERR,0,-,0,Domain not resolved,genatest
00:43:00,admin.barnhouse-village.ru,DNS_ERR,0,GET,0,DNS timeout,genatest
00:43:00,admin.boft.ru,DNS_ERR,0,GET,0,DNS timeout,genatest
00:43:00,admin.dev.clean-inc.staging-apps.ru,DNS_ERR,0,GET,0,DNS timeout,genatest
00:43:00,admin.dev.sunction.store,DNS_ERR,0,GET,0,DNS timeout,genatest
00:43:00,admin.exampledevelop.ru,DNS_ERR,0,GET,0,DNS timeout,genatest
00:43:00,admin.ezzskins.com,OK,200,HEAD,666.7,OK,genatest
00:43:00,admin.ikedo.astral.ru,OK,200,HEAD,267.7,OK,genatest
00:43:00,admin.imcsoft.ru,DNS_ERR,0,GET,0,DNS timeout,genatest
00:43:00,admin.myshm.ru,DNS_ERR,0,-,0,Domain not resolved,genatest
00:43:00,admin.rikifamily.ru,OK,200,HEAD,680.3,OK,genatest
00:43:00,admin.starsgram.ru,DNS_ERR,0,GET,0,DNS timeout,genatest
00:43:00,admin.zorra.su,DNS_ERR,0,GET,0,DNS timeout,genatest
00:43:00,adminagregator.obrazoval.ru,DNS_ERR,0,GET,0,DNS timeout,genatest
00:43:00,adminmadtec.com,DNS_ERR,0,GET,0,DNS timeout,genatest
00:43:00,adoptomedia.gitlab.yandexcloud.net,SSL_ERR,0,GET,0,SSL handshake failed,genatest
00:43:00,adriver.gitlab.yandexcloud.net,DNS_ERR,0,GET,0,DNS timeout,genatest
00:43:00,ads.x5.ru,HTTP_ERR,502,HEAD,216.8,502 Bad Gateway,genatest
00:43:00,adventikalaw.ru,DNS_ERR,0,GET,0,DNS timeout,genatest
00:43:00,aftrepo-git.gitlab.yandexcloud.net,DNS_ERR,0,GET,0,DNS timeout,genatest
00:43:00,agateit.gitlab.yandexcloud.net,SSL_ERR,0,GET,0,SSL handshake failed,genatest
00:43:00,agent.ru,DNS_ERR,0,GET,0,DNS timeout,genatest
00:43:00,agentryai.ru,DNS_ERR,0,GET,0,DNS timeout,genatest
00:43:00,ageofwisdom.gitlab.yandexcloud.net,SSL_ERR,0,GET,0,SSL handshake failed,genatest
00:43:00,agio-band.gitlab.yandexcloud.net,DNS_ERR,0,GET,0,DNS timeout,genatest
00:43:00,agora.ru,OK,200,HEAD,891.5,OK,genatest
00:43:00,agrodigit.gitlab.yandexcloud.net,DNS_ERR,0,GET,0,DNS timeout,genatest
00:43:00,agromanager.online,DNS_ERR,0,GET,0,DNS timeout,genatest
00:43:00,agronova-ats.helpdesk.systems,DNS_ERR,0,GET,0,DNS timeout,genatest
00:43:00,agroros.gitlab.yandexcloud.net,DNS_ERR,0,GET,0,DNS timeout,genatest
00:43:00,ahconn.com,SSL_ERR,0,GET,0,SSL handshake failed,genatest
00:43:00,ai-content.juicyscore.io,DNS_ERR,0,GET,0,DNS timeout,genatest
00:43:00,ai-minds.gitlab.yandexcloud.net,OK,200,HEAD,483.6,OK,genatest
00:43:00,ai-mirror.shop,DNS_ERR,0,GET,0,DNS timeout,genatest
00:43:00,ai-moderator-chat.ru,DNS_ERR,0,GET,0,DNS timeout,genatest
00:43:00,ai.mbts.team,DNS_ERR,0,GET,0,DNS timeout,genatest
00:43:00,ai.prodavai.io,DNS_ERR,0,GET,0,DNS timeout,genatest
00:43:00,aibot.fefan.ru,DNS_ERR,0,GET,0,DNS timeout,genatest
00:43:00,aichat.smartway.today,DNS_ERR,0,-,0,Domain not resolved,genatest
00:43:00,aihublab.ru,DNS_ERR,0,-,0,Domain not resolved,genatest
00:43:00,ailine1.gitlab.yandexcloud.net,DNS_ERR,0,-,0,Domain not resolved,genatest
00:43:00,aimoexteam.gitlab.yandexcloud.net,DNS_ERR,0,-,0,Domain not resolved,genatest
00:43:00,air.pro,DNS_ERR,0,-,0,Domain not resolved,genatest
00:43:00,airflow-dags.gitlab.yandexcloud.net,DNS_ERR,0,-,0,Domain not resolved,genatest
00:43:00,airflow-infratest.cloud-preprod.yandex.net,DNS_ERR,0,GET,0,DNS timeout,genatest
00:43:00,airflow.cloud-preprod.yandex.net,DNS_ERR,0,GET,0,DNS timeout,genatest
00:43:00,airflow.yandexcloud.net,DNS_ERR,0,GET,0,DNS timeout,genatest
00:43:00,ais-dev.gitlab.yandexcloud.net,DNS_ERR,0,GET,0,DNS timeout,genatest
00:43:00,aisa.aqdc.ru,DNS_ERR,0,GET,0,DNS timeout,genatest
00:43:00,aisance.gitlab.yandexcloud.net,DNS_ERR,0,GET,0,DNS timeout,genatest
00:43:00,aisma.gitlab.yandexcloud.net,DNS_ERR,0,GET,0,DNS timeout,genatest
00:43:00,aist-ai.gitlab.yandexcloud.net,DNS_ERR,0,GET,0,DNS timeout,genatest
00:43:00,aiteam3.gitlab.yandexcloud.net,DNS_ERR,0,GET,0,DNS timeout,genatest
00:43:00,aitestdev.ru,DNS_ERR,0,GET,0,DNS timeout,genatest
00:43:00,akashi.vk-portal.net,HTTP_ERR,403,GET,77.2,403 Forbidden,genatest
00:43:00,akkovtunenko.gitlab.yandexcloud.net,DNS_ERR,0,GET,0,DNS timeout,genatest
00:43:00,akvarida.gitlab.yandexcloud.net,DNS_ERR,0,GET,0,DNS timeout,genatest
00:43:00,akvatorn.ru,DNS_ERR,0,GET,0,DNS timeout,genatest
00:43:00,alerthouse.gitlab.yandexcloud.net,OK,200,HEAD,380.8,OK,genatest
00:43:00,alertmanager.corp.code-pilots.com,DNS_ERR,0,GET,0,DNS timeout,genatest
00:43:00,alertmenager24718.mk.ru,DNS_ERR,0,GET,0,DNS timeout,genatest
00:43:00,alfa-endo.ru,DNS_ERR,0,GET,0,DNS timeout,genatest
00:43:00,alfabit.org,SSL_ERR,0,GET,0,SSL handshake failed,genatest
00:43:00,alfaleasing.ru,DNS_ERR,0,GET,0,DNS timeout,genatest
00:43:00,algo-r.com,OK,200,HEAD,343.8,OK,genatest
00:43:00,algocode.gitlab.yandexcloud.net,DNS_ERR,0,GET,0,DNS timeout,genatest
00:43:00,algom.gitlab.yandexcloud.net,OK,200,HEAD,446.0,OK,genatest
00:43:00,alice.kirgoff.com,DNS_ERR,0,GET,0,DNS timeout,genatest
00:43:00,alika.ai,OK,200,HEAD,558.8,OK,genatest
00:43:00,allai.gitlab.yandexcloud.net,DNS_ERR,0,GET,0,DNS timeout,genatest
00:43:00,alles-good.gitlab.yandexcloud.net,DNS_ERR,0,GET,0,DNS timeout,genatest
00:43:00,allure-api.a-am-sys-infra.aws-local.paylerlab.com,DNS_ERR,0,-,0,Domain not resolved,genatest
00:43:00,almaviva-russia.ru,OK,200,HEAD,778.7,OK,genatest
00:43:00,altairika.com,OK,200,HEAD,227.5,OK,genatest
00:43:00,altlog.gitlab.yandexcloud.net,OK,200,HEAD,427.0,OK,genatest
00:43:00,analitik.gitlab.yandexcloud.net,DNS_ERR,0,GET,0,DNS timeout,genatest
00:43:00,analytic.urent.ru,DNS_ERR,0,-,0,Domain not resolved,genatest
00:43:00,analytics.samoletplus.ru,DNS_ERR,0,GET,0,DNS timeout,genatest
00:43:00,analytics.scalesta.com,DNS_ERR,0,GET,0,DNS timeout,genatest
00:43:00,andyniko.gitlab.yandexcloud.net,DNS_ERR,0,GET,0,DNS timeout,genatest
00:43:00,anketa.prodamus.ru,SSL_ERR,0,GET,0,SSL handshake failed,genatest
00:43:00,anna123.gitlab.yandexcloud.net,SSL_ERR,0,GET,0,SSL handshake failed,genatest
00:43:00,ano-mci.online,DNS_ERR,0,-,0,Domain not resolved,genatest
00:43:00,ant-baseml.scorista.ru,DNS_ERR,0,GET,0,DNS timeout,genatest
00:43:00,antavira.ru,SSL_ERR,0,GET,0,SSL handshake failed,genatest
00:43:00,antilopay.com,OK,200,HEAD,373.5,OK,genatest
00:43:00,antiplagiat.ru,DNS_ERR,0,GET,0,DNS timeout,genatest
00:43:00,antirobot-challenge.ru,DNS_ERR,0,GET,0,DNS timeout,genatest
00:43:00,antizzz.com,DNS_ERR,0,GET,0,DNS timeout,genatest
00:43:00,anwin.ru,SSL_ERR,0,GET,0,SSL handshake failed,genatest
00:43:00,anylounge.com,DNS_ERR,0,GET,0,DNS timeout,genatest
00:43:00,apex.avantechparts.co.kr,DNS_ERR,0,GET,0,DNS timeout,genatest
00:43:00,apex.dev-front.dev-stage.ru,DNS_ERR,0,GET,0,DNS timeout,genatest
00:43:00,apex.intensa.dev,DNS_ERR,0,GET,0,DNS timeout,genatest
00:43:00,api-dev.abcclinicapp.ru,DNS_ERR,0,GET,0,DNS timeout,genatest
00:43:00,api-dev.mpcard.ai,DNS_ERR,0,GET,0,DNS timeout,genatest
00:43:00,api-epd-ihub.astralnalog.ru,HTTP_ERR,404,HEAD,489.2,404 Not Found,genatest
00:43:00,api-form.legacy-team.ru,DNS_ERR,0,GET,0,DNS timeout,genatest
00:43:00,api-maps.yandex.ru,HTTP_ERR,404,HEAD,414.1,404 Not found,genatest
00:43:00,api-stage.fitandzen.ru,DNS_ERR,0,GET,0,DNS timeout,genatest
00:43:00,api-tv.ludinghub.com,DNS_ERR,0,GET,0,DNS timeout,genatest
00:43:00,api.abonents.epd-point-preprod.edo-point.astral-dev.ru,SSL_ERR,0,GET,0,SSL handshake failed,genatest
00:43:00,api.aeot.dev.digital-jurist.ru,DNS_ERR,0,GET,0,DNS timeout,genatest
00:43:00,api.agenthub.ru,DNS_ERR,0,-,0,Domain not resolved,genatest
00:43:00,api.booking.vodka,DNS_ERR,0,GET,0,DNS timeout,genatest
00:43:00,api.calllens.ru,DNS_ERR,0,GET,0,DNS timeout,genatest
00:43:00,api.cameranewvision.com,HTTP_ERR,404,HEAD,493.7,404 Not Found,genatest
00:43:00,api.chips.kb-12.com,DNS_ERR,0,GET,0,DNS timeout,genatest
00:43:00,api.client.dev.pkapital.ru,DNS_ERR,0,GET,0,DNS timeout,genatest
00:43:00,api.cloud.yandex.net,DNS_ERR,0,GET,0,DNS timeout,genatest
00:43:00,api.codeassist.yandexcloud.net,DNS_ERR,0,GET,0,DNS timeout,genatest
00:43:00,api.cpahub.ru,OK,200,HEAD,1161.1,OK,genatest
00:43:00,api.dev-armor.easycorp.me,DNS_ERR,0,GET,0,DNS timeout,genatest
00:43:00,api.educate.sec-t.ru,DNS_ERR,0,GET,0,DNS timeout,genatest
00:43:00,api.enface.ai,SSL_ERR,0,GET,0,SSL handshake failed,genatest
00:43:00,api.exam.nostroy.ru,DNS_ERR,0,GET,0,DNS timeout,genatest
00:43:00,api.flowshow.ru,DNS_ERR,0,GET,0,DNS timeout,genatest
00:43:00,api.health-hub.ru,DNS_ERR,0,GET,0,DNS timeout,genatest
00:43:00,api.infrakolibri.com,DNS_ERR,0,GET,0,DNS timeout,genatest
00:43:00,api.ira-khay.com,DNS_ERR,0,GET,0,DNS timeout,genatest
00:43:00,api.islam.global,DNS_ERR,0,GET,0,DNS timeout,genatest
00:43:00,api.kalitka.ru,DNS_ERR,0,GET,0,DNS timeout,genatest
00:43:00,api.kc2.control2.ru,DNS_ERR,0,GET,0,DNS timeout,genatest
00:43:00,api.klik-ai.net,DNS_ERR,0,GET,0,DNS timeout,genatest
00:43:00,api.meinl-professional.ru,DNS_ERR,0,GET,0,DNS timeout,genatest
00:43:00,api.meridian.trade,DNS_ERR,0,GET,0,DNS timeout,genatest
00:43:00,api.minapoint.ru,DNS_ERR,0,GET,0,DNS timeout,genatest
00:43:00,api.music.mts.ru,OK,200,GET,82.5,OK,genatest
00:43:00,api.nexa.ru,DNS_ERR,0,GET,0,DNS timeout,genatest
00:43:00,api.oaas.2sha.tech,DNS_ERR,0,-,0,Domain not resolved,genatest
00:43:00,api.octoed.online,DNS_ERR,0,GET,0,DNS timeout,genatest
00:43:00,api.parfumart.ru,DNS_ERR,0,GET,0,DNS timeout,genatest
00:43:00,api.parus.su,DNS_ERR,0,GET,0,DNS timeout,genatest
00:43:00,api.paypear.ru,DNS_ERR,0,GET,0,DNS timeout,genatest
00:43:00,api.prostodar.ru,DNS_ERR,0,GET,0,DNS timeout,genatest
00:43:00,api.rawg.io,RST,0,GET,0,Connection refused,genatest
00:43:00,api.reffection.com,DNS_ERR,0,GET,0,DNS timeout,genatest
00:43:00,api.rkk.healthkeeper.ru,DNS_ERR,0,GET,0,DNS timeout,genatest
00:43:00,api.rubius.com,DNS_ERR,0,GET,0,DNS timeout,genatest
00:43:00,api.shop.mxcube.ru,DNS_ERR,0,GET,0,DNS timeout,genatest
00:43:00,api.smart-finance-mentor.com,HTTP_ERR,404,HEAD,431.6,404 Not Found,genatest
00:43:00,api.speechsense.cloud.yandex.net,DNS_ERR,0,-,0,Domain not resolved,genatest
00:43:00,api.studiovk.com,DNS_ERR,0,GET,0,DNS timeout,genatest
00:43:00,api.swayapp.ru,DNS_ERR,0,GET,0,DNS timeout,genatest
00:43:00,api.sydata.ru,DNS_ERR,0,GET,0,DNS timeout,genatest
00:43:00,api.tastycoffee.ru,DNS_ERR,0,GET,0,DNS timeout,genatest
00:43:00,api.teklub.ru,DNS_ERR,0,GET,0,DNS timeout,genatest
00:43:00,api.test.bb.market,DNS_ERR,0,GET,0,DNS timeout,genatest
00:43:00,api.uneva.ru,DNS_ERR,0,GET,0,DNS timeout,genatest
00:43:00,api.v1.stansful.com,DNS_ERR,0,GET,0,DNS timeout,genatest
00:43:00,api.video.xenor.ro,DNS_ERR,0,GET,0,DNS timeout,genatest
00:43:00,api.wowgpt.ru,DNS_ERR,0,GET,0,DNS timeout,genatest
00:43:00,api.zlatapechka.ru,DNS_ERR,0,GET,0,DNS timeout,genatest
00:43:00,api01.melbicom.ru,SSL_ERR,0,GET,0,SSL handshake failed,genatest
00:43:00,apigw.yandexcloud.net,HTTP_ERR,404,HEAD,340.8,404 Not Found,genatest
00:43:00,apiru-ocp.space,DNS_ERR,0,GET,0,DNS timeout,genatest
00:43:00,apiv2.thapl.com,OK,200,HEAD,601.5,OK,genatest
00:43:00,apjqr.7sites.ru,DNS_ERR,0,-,0,Domain not resolved,genatest
00:43:00,apkpro.ru,SSL_ERR,0,GET,0,SSL handshake failed,genatest
00:43:00,aporia.gitlab.yandexcloud.net,OK,200,HEAD,498.7,OK,genatest
00:43:00,app-compass-prod-mt1.ht-lab.org,DNS_ERR,0,GET,0,DNS timeout,genatest
00:43:00,app.bankirro.ru,DNS_ERR,0,GET,0,DNS timeout,genatest
00:43:00,app.bondvil.ru,DNS_ERR,0,GET,0,DNS timeout,genatest
00:43:00,app.bounc.ai,DNS_ERR,0,GET,0,DNS timeout,genatest
00:43:00,app.bronikai.ru,DNS_ERR,0,GET,0,DNS timeout,genatest
00:43:00,app.cuty.pro,DNS_ERR,0,GET,0,DNS timeout,genatest
00:43:00,app.fan-ton.com,DNS_ERR,0,GET,0,DNS timeout,genatest
00:43:00,app.fitlink.pro,DNS_ERR,0,GET,0,DNS timeout,genatest
00:43:00,app.holst.so,DNS_ERR,0,GET,0,DNS timeout,genatest
00:43:00,app.lizaalert.ru,DNS_ERR,0,GET,0,DNS timeout,genatest
00:43:00,app.okto.ru,DNS_ERR,0,GET,0,DNS timeout,genatest
00:43:00,app.panther.pics,DNS_ERR,0,GET,0,DNS timeout,genatest
00:43:00,app.razumai.aib.pro,DNS_ERR,0,GET,0,DNS timeout,genatest
00:43:00,app.securednetwork.ru,DNS_ERR,0,GET,0,DNS timeout,genatest
00:43:00,app.solus.icu,DNS_ERR,0,-,0,Domain not resolved,genatest
00:43:00,app.stage1.tomoru.team,DNS_ERR,0,GET,0,DNS timeout,genatest
00:43:00,app.stopforfit.ru,DNS_ERR,0,-,0,Domain not resolved,genatest
00:43:00,app.subtotal.ru,DNS_ERR,0,GET,0,DNS timeout,genatest
00:43:00,app.tomoru.team,DNS_ERR,0,GET,0,DNS timeout,genatest
00:43:00,app.vin-kode.ru,DNS_ERR,0,GET,0,DNS timeout,genatest
00:43:00,app001.ny.gy,HTTP_ERR,404,HEAD,399.5,404 Not Found,genatest
00:43:00,appdata.datago.ru,DNS_ERR,0,GET,0,DNS timeout,genatest
00:43:00,appdb.oneanddouble.ru,DNS_ERR,0,GET,0,DNS timeout,genatest
00:43:00,appdevops.bayburn-industries.com,DNS_ERR,0,-,0,Domain not resolved,genatest
00:43:00,appicenter.kaspersky.dev,DNS_ERR,0,GET,0,DNS timeout,genatest
00:43:00,appliedmath.gitlab.yandexcloud.net,DNS_ERR,0,GET,0,DNS timeout,genatest
00:43:00,apps-laskin.ru,DNS_ERR,0,GET,0,DNS timeout,genatest
00:43:00,apps.itgroup42.ru,DNS_ERR,0,GET,0,DNS timeout,genatest
00:43:00,appsec.sourcecraft.tech,DNS_ERR,0,GET,0,DNS timeout,genatest
00:43:00,appseclabs.punkration.com,DNS_ERR,0,GET,0,DNS timeout,genatest
00:43:00,apptracer.ru,OK,200,HEAD,313.1,OK,genatest
00:43:00,apptracer.ru,OK,200,HEAD,313.1,OK,ok
00:43:00,aradelivery.ru,DNS_ERR,0,GET,0,DNS timeout,genatest
00:43:00,arbitragescanner.gitlab.yandexcloud.net,OK,200,HEAD,536.0,OK,genatest
00:43:00,arcadia.spb.ru,DNS_ERR,0,GET,0,DNS timeout,genatest
00:43:00,arcute.ru,OK,200,HEAD,535.1,OK,genatest
00:43:00,arenadata.io,SSL_ERR,0,GET,0,SSL handshake failed,genatest
00:43:00,arenda-ekskavatorov.pro,SSL_ERR,0,GET,0,SSL handshake failed,genatest
00:43:00,art.viomitra.ru,DNS_ERR,0,GET,0,DNS timeout,genatest
00:43:00,arted.gitlab.yandexcloud.net,DNS_ERR,0,GET,0,DNS timeout,genatest
00:43:00,artemk.gitlab.yandexcloud.net,OK,200,HEAD,386.4,OK,genatest
00:43:00,arto.ra467brok.abrdns.com,DNS_ERR,0,GET,0,DNS timeout,genatest
00:43:00,artquestwalk.ru,DNS_ERR,0,GET,0,DNS timeout,genatest
00:43:00,asbndx.com,DNS_ERR,0,-,0,Domain not resolved,genatest
00:43:00,asddev.ru,SSL_ERR,0,GET,0,SSL handshake failed,genatest
00:43:00,aspire-app.worktools.space,DNS_ERR,0,GET,0,DNS timeout,genatest
00:43:00,asr-test.benefactory.ru,DNS_ERR,0,GET,0,DNS timeout,genatest
00:43:00,assistant-api.ml-rag.yandexcloud.net,DNS_ERR,0,-,0,Domain not resolved,genatest
00:43:00,astondevs.ru,DNS_ERR,0,GET,0,DNS timeout,genatest
00:43:00,astraprojects.ru,DNS_ERR,0,GET,0,DNS timeout,genatest
00:43:00,asurdata.ru,DNS_ERR,0,GET,0,DNS timeout,genatest
00:43:00,ataraxxxia.ru,DNS_ERR,0,GET,0,DNS timeout,genatest
00:43:00,atavi.com,SSL_ERR,0,GET,0,SSL handshake failed,genatest
00:43:00,atc-lab.gitlab.yandexcloud.net,DNS_ERR,0,GET,0,DNS timeout,genatest
00:43:00,atdev.gitlab.yandexcloud.net,OK,200,HEAD,500.8,OK,genatest
00:43:00,atlantm.com,DNS_ERR,0,GET,0,DNS timeout,genatest
00:43:00,atlasconcorde-italy.ru,DNS_ERR,0,GET,0,DNS timeout,genatest
00:43:00,att.nctmsk.ru,DNS_ERR,0,GET,0,DNS timeout,genatest
00:43:00,audio.minofagriculture.ru,DNS_ERR,0,GET,0,DNS timeout,genatest
00:43:00,audit-ai.ru,DNS_ERR,0,GET,0,DNS timeout,genatest
00:43:00,aulrikh.gitlab.yandexcloud.net,SSL_ERR,0,GET,0,SSL handshake failed,genatest
00:43:00,aura-framework.ru,OK,200,HEAD,222.9,OK,genatest
00:43:00,aururm.gitlab.yandexcloud.net,DNS_ERR,0,GET,0,DNS timeout,genatest
00:43:00,aurusmotors.com,RST,0,GET,0,Connection refused,genatest
00:43:00,auth-stage.advocall.me,DNS_ERR,0,GET,0,DNS timeout,genatest
00:43:00,auth.bd.lenta.com,DNS_ERR,0,GET,0,DNS timeout,genatest
00:43:00,auth.gasworkers.ru,DNS_ERR,0,GET,0,DNS timeout,genatest
00:43:00,auth.kengois.ru,DNS_ERR,0,GET,0,DNS timeout,genatest
00:43:00,auth.ocenka.mobi,HTTP_ERR,404,HEAD,655.7,404 Not Found,genatest
00:43:00,auth.spbstu.ru,DNS_ERR,0,GET,0,DNS timeout,genatest
00:43:00,auth01.ru-central1.internal,DNS_ERR,0,-,0,Domain not resolved,genatest
00:43:00,authqas.eaeconsult.ru,DNS_ERR,0,GET,0,DNS timeout,genatest
00:43:00,autotests.korobka360.ru,DNS_ERR,0,GET,0,DNS timeout,genatest
00:43:00,auvelir.ru,DNS_ERR,0,GET,0,DNS timeout,genatest
00:43:00,avalava.ru,DNS_ERR,0,GET,0,DNS timeout,genatest
00:43:00,avanpost.ru,OK,200,HEAD,857.1,OK,genatest
00:43:00,avatars.yandex.net,HTTP_ERR,410,HEAD,338.5,410 Gone,genatest
00:43:00,avito-finance.gitlab.yandexcloud.net,DNS_ERR,0,GET,0,DNS timeout,genatest
00:43:00,avitofinance.ru,DNS_ERR,0,GET,0,DNS timeout,genatest
00:43:00,avtopoisk.online,DNS_ERR,0,GET,0,DNS timeout,genatest
00:43:00,axenix.pro,SSL_ERR,0,GET,0,SSL handshake failed,genatest
00:43:00,axevil.xyz,DNS_ERR,0,-,0,Domain not resolved,genatest
00:43:00,axsoft.gitlab.yandexcloud.net,OK,200,HEAD,467.1,OK,genatest
00:43:00,az-nlu-model.test.cleverbots.ru,DNS_ERR,0,GET,0,DNS timeout,genatest
00:43:00,azazaz322.sytes.net,DNS_ERR,0,-,0,Domain not resolved,genatest
00:43:00,azurdrive.gitlab.yandexcloud.net,DNS_ERR,0,GET,0,DNS timeout,genatest
00:43:00,b-cdn.net,SSL_ERR,0,GET,0,SSL handshake failed,genatest
00:43:00,b.mindbox.ru,DNS_ERR,0,-,0,Domain not resolved,genatest
00:43:00,b1-dev.gitlab.yandexcloud.net,DNS_ERR,0,GET,0,DNS timeout,genatest
00:43:00,b1master.ru,DNS_ERR,0,-,0,Domain not resolved,genatest
00:43:00,b24-irk.krasbit.studio,DNS_ERR,0,GET,0,DNS timeout,genatest
00:43:00,b24.mosmolodezh.ru,DNS_ERR,0,GET,0,DNS timeout,genatest
00:43:00,b24.ocenkaexp.ru,DNS_ERR,0,GET,0,DNS timeout,genatest
00:43:00,b24.oknamira.ru,DNS_ERR,0,GET,0,DNS timeout,genatest
00:43:00,b24portal.dobroe-aif.ru,DNS_ERR,0,GET,0,DNS timeout,genatest
00:43:00,b2b.onduline.ru,DNS_ERR,0,GET,0,DNS timeout,genatest
00:43:00,b2b.tn.ru,DNS_ERR,0,GET,0,DNS timeout,genatest
00:43:00,babapay.gitlab.yandexcloud.net,DNS_ERR,0,GET,0,DNS timeout,genatest
00:43:00,babenychka.gitlab.yandexcloud.net,OK,200,HEAD,773.8,OK,genatest
00:43:00,back-school.test.moneyfesto.ru,DNS_ERR,0,GET,0,DNS timeout,genatest
00:43:00,back.podarkus.ru,DNS_ERR,0,GET,0,DNS timeout,genatest
00:43:00,back.yandex-market.city-banners.dev-stage.ru,DNS_ERR,0,GET,0,DNS timeout,genatest
00:43:00,backend.mveu.ru,DNS_ERR,0,GET,0,DNS timeout,genatest
00:43:00,backend.salamander.ru,DNS_ERR,0,GET,0,DNS timeout,genatest
00:43:00,backup1.gdsvostok.ru,DNS_ERR,0,GET,0,DNS timeout,genatest
00:43:00,backyard.urentbike.ru,HTTP_ERR,404,HEAD,314.6,404 Not Found,genatest
00:43:00,bagetaidesklab.duckdns.org,DNS_ERR,0,GET,0,DNS timeout,genatest
00:43:00,baids.ru,DNS_ERR,0,GET,0,DNS timeout,genatest
00:43:00,bainyar.mywire.org,DNS_ERR,0,GET,0,DNS timeout,genatest
00:43:00,balancer.admin.test.guardee.org,DNS_ERR,0,GET,0,DNS timeout,genatest
00:43:00,bangdig.gitlab.yandexcloud.net,OK,200,HEAD,419.3,OK,genatest
00:43:00,banks.dvizh.tech,DNS_ERR,0,-,0,Domain not resolved,genatest
00:43:00,barakaoil.ru,DNS_ERR,0,GET,0,DNS timeout,genatest
00:43:00,baremetal.cloud.yandex.cloud,DNS_ERR,0,-,0,Domain not resolved,genatest
00:43:00,base.fitomag.com,DNS_ERR,0,GET,0,DNS timeout,genatest
00:43:00,basisexpert.gitlab.yandexcloud.net,OK,200,HEAD,424.9,OK,genatest
00:43:00,bastion.azurdrive.ru,DNS_ERR,0,GET,0,DNS timeout,genatest
00:43:00,bb.market,DNS_ERR,0,GET,0,DNS timeout,genatest
00:43:00,bbb.evocargo.com,DNS_ERR,0,GET,0,DNS timeout,genatest
00:43:00,bbb.gpmu.org,DNS_ERR,0,GET,0,DNS timeout,genatest
00:43:00,bbrbroker.ru,OK,200,HEAD,261.1,OK,genatest
00:43:00,bearpass.cycle-on.ru,DNS_ERR,0,GET,0,DNS timeout,genatest
00:43:00,bejure.ru,DNS_ERR,0,GET,0,DNS timeout,genatest
00:43:00,belka.gitlab.yandexcloud.net,DNS_ERR,0,GET,0,DNS timeout,genatest
00:43:00,belleyou.ru,OK,200,HEAD,646.1,OK,genatest
00:43:00,bellini.gitlab.yandexcloud.net,DNS_ERR,0,GET,0,DNS timeout,genatest
00:43:00,bellyou.gitlab.yandexcloud.net,OK,200,HEAD,540.1,OK,genatest
00:43:00,beltmarket.ru,DNS_ERR,0,GET,0,DNS timeout,genatest
00:43:00,belviso-online.ru,SSL_ERR,0,GET,0,SSL handshake failed,genatest
00:43:00,benchmark.idacloud.ru,DNS_ERR,0,GET,0,DNS timeout,genatest
00:43:00,ber.ectru.ru,DNS_ERR,0,GET,0,DNS timeout,genatest
00:43:00,beriberu.ru,OK,200,HEAD,230.5,OK,genatest
00:43:00,berizaryad.gitlab.yandexcloud.net,DNS_ERR,0,GET,0,DNS timeout,genatest
00:43:00,berizaryad.ru,OK,200,HEAD,576.1,Ok,genatest
00:43:00,beruauto.app,DNS_ERR,0,GET,0,DNS timeout,genatest
00:43:00,berzarina37.ru,DNS_ERR,0,GET,0,DNS timeout,genatest
00:43:00,beta-trade.blizzless.info,DNS_ERR,0,GET,0,DNS timeout,genatest
00:43:00,beta.doc.one,SSL_ERR,0,GET,0,SSL handshake failed,genatest
00:43:00,bft-happy.ru,DNS_ERR,0,-,0,Domain not resolved,genatest
00:43:00,bi.rentride.ru,DNS_ERR,0,GET,0,DNS timeout,genatest
00:43:00,bibip.io,DNS_ERR,0,GET,0,DNS timeout,genatest
00:43:00,bibleox.com,DNS_ERR,0,GET,0,DNS timeout,genatest
00:43:00,bidzaar.com,OK,200,HEAD,726.4,OK,genatest
00:43:00,bigbird.ru,DNS_ERR,0,GET,0,DNS timeout,genatest
00:43:00,billing-e2e.gitlab.yandexcloud.net,DNS_ERR,0,GET,0,DNS timeout,genatest
00:43:00,billing-webhook.aicore.me,DNS_ERR,0,GET,0,DNS timeout,genatest
00:43:00,billing.datasphere.yandexcloud.net,DNS_ERR,0,GET,0,DNS timeout,genatest
00:43:00,billing.mindbox.ru,SSL_ERR,0,GET,0,SSL handshake failed,genatest
00:43:00,billing.supster.com,RST,0,GET,0,Connection refused,genatest
00:43:00,bimar.gitlab.yandexcloud.net,DNS_ERR,0,GET,0,DNS timeout,genatest
00:43:00,bimeister.com,DNS_ERR,0,GET,0,DNS timeout,genatest
00:43:00,bimhub.tech,DNS_ERR,0,GET,0,DNS timeout,genatest
00:43:00,bio.msu.ru,DNS_ERR,0,GET,0,DNS timeout,genatest
00:43:00,biogena-russia.ru,DNS_ERR,0,GET,0,DNS timeout,genatest
00:43:00,biorep.gitlab.yandexcloud.net,DNS_ERR,0,GET,0,DNS timeout,genatest
00:43:00,biovitrum.gitlab.yandexcloud.net,DNS_ERR,0,GET,0,DNS timeout,genatest
00:43:00,biovitrum.ru,SSL_ERR,0,GET,0,SSL handshake failed,genatest
00:43:00,bismoscow.com,DNS_ERR,0,GET,0,DNS timeout,genatest
00:43:00,bit-site.ru,SSL_ERR,0,GET,0,SSL handshake failed,genatest
00:43:00,bitrix-mail.devops.alrosa.ru,DNS_ERR,0,GET,0,DNS timeout,genatest
00:43:00,bitrix.asolutions.kz,DNS_ERR,0,GET,0,DNS timeout,genatest
00:43:00,bitrix.geoscan.show,DNS_ERR,0,GET,0,DNS timeout,genatest
00:43:00,bitrix.italonceramica.ru,DNS_ERR,0,GET,0,DNS timeout,genatest
00:43:00,bitrix.n-df.ru,DNS_ERR,0,GET,0,DNS timeout,genatest
00:43:00,bitrix.oskelly.ru,DNS_ERR,0,GET,0,DNS timeout,genatest
00:43:00,bitrix.rtc.kz,DNS_ERR,0,GET,0,DNS timeout,genatest
00:43:00,bitrix.tokti.ru,DNS_ERR,0,GET,0,DNS timeout,genatest
00:43:00,bitrix.vois.site,DNS_ERR,0,GET,0,DNS timeout,genatest
00:43:00,bitrix24.1ab.ru,DNS_ERR,0,GET,0,DNS timeout,genatest
00:43:00,bitrix24.spektr-diagnostica.ru,DNS_ERR,0,GET,0,DNS timeout,genatest
00:43:00,bitrix42.solid-mn.ru,DNS_ERR,0,GET,0,DNS timeout,genatest
00:43:00,bitsrv.ru,OK,200,HEAD,284.7,OK,genatest
00:43:00,biysk.helix-altai.ru,DNS_ERR,0,GET,0,DNS timeout,genatest
00:43:00,blackpearl.omicrondev.ru,DNS_ERR,0,GET,0,DNS timeout,genatest
00:43:00,blago.ru,DNS_ERR,0,GET,0,DNS timeout,genatest
00:43:00,blanc.ru,SSL_ERR,0,GET,0,SSL handshake failed,genatest
00:43:00,blaze-analytics.gitlab.yandexcloud.net,DNS_ERR,0,GET,0,DNS timeout,genatest
00:43:00,blaze-rfm-dhl.gitlab.yandexcloud.net,OK,200,HEAD,356.4,OK,genatest
00:43:00,blizline.ru,DNS_ERR,0,-,0,Domain not resolved,genatest
00:43:00,blog.brim.club,DNS_ERR,0,GET,0,DNS timeout,genatest
00:43:00,blog.iridi.com,DNS_ERR,0,GET,0,DNS timeout,genatest
00:43:00,blog.smartwebinar.org,DNS_ERR,0,GET,0,DNS timeout,genatest
00:43:00,bluesales.ru,SSL_ERR,0,GET,0,SSL handshake failed,genatest
00:43:00,bml.true-false.ru,DNS_ERR,0,GET,0,DNS timeout,genatest
00:43:00,bober.gitlab.yandexcloud.net,OK,200,HEAD,409.9,OK,genatest
00:43:00,boldfriday.com,SSL_ERR,0,GET,0,SSL handshake failed,genatest
00:43:00,bolt-api.com,SSL_ERR,0,GET,0,SSL handshake failed,genatest
00:43:00,bona.cafe,DNS_ERR,0,GET,0,DNS timeout,genatest
00:43:00,bongo.life,DNS_ERR,0,GET,0,DNS timeout,genatest
00:43:00,book.egortrener.ru,DNS_ERR,0,GET,0,DNS timeout,genatest
00:43:00,books59.ru,DNS_ERR,0,GET,0,DNS timeout,genatest
00:43:00,boombate.com,SSL_ERR,0,GET,0,SSL handshake failed,genatest
00:43:00,bopanel.com,DNS_ERR,0,-,0,Domain not resolved,genatest
00:43:00,borkiot.com,DNS_ERR,0,-,0,Domain not resolved,genatest
00:43:00,bosscontrol.gitlab.yandexcloud.net,DNS_ERR,0,GET,0,DNS timeout,genatest
00:43:00,bot.aonec-bot.ru,DNS_ERR,0,GET,0,DNS timeout,genatest
00:43:00,bot.nightreload.ru,DNS_ERR,0,GET,0,DNS timeout,genatest
00:43:00,bot.professorsneakers.ru,DNS_ERR,0,GET,0,DNS timeout,genatest
00:43:00,botgun.gitlab.yandexcloud.net,DNS_ERR,0,GET,0,DNS timeout,genatest
00:43:00,bothelp.io,SSL_ERR,0,GET,0,SSL handshake failed,genatest
00:43:00,botmaker.co,DNS_ERR,0,GET,0,DNS timeout,genatest
00:43:00,bots.rentifly.ru,DNS_ERR,0,GET,0,DNS timeout,genatest
00:43:00,box.goaiway.tech,DNS_ERR,0,GET,0,DNS timeout,genatest
00:43:00,bpm-infowatch.gitlab.yandexcloud.net,DNS_ERR,0,GET,0,DNS timeout,genatest
00:43:00,bpo.severstalssc.com,DNS_ERR,0,GET,0,DNS timeout,genatest
00:43:00,brain-it-backend.com.ru,DNS_ERR,0,GET,0,DNS timeout,genatest
00:43:00,brand-site.vois.site,DNS_ERR,0,GET,0,DNS timeout,genatest
00:43:00,brand.kaspersky.com,DNS_ERR,0,GET,0,DNS timeout,genatest
00:43:00,braunhousehold.club,DNS_ERR,0,GET,0,DNS timeout,genatest
00:43:00,brickbybrick.ru,DNS_ERR,0,GET,0,DNS timeout,genatest
00:43:00,bronevik.space,SSL_ERR,0,GET,0,SSL handshake failed,genatest
00:43:00,broutonlab.gitlab.yandexcloud.net,OK,200,HEAD,409.5,OK,genatest
00:43:00,brusnika.gitlab.yandexcloud.net,DNS_ERR,0,GET,0,DNS timeout,genatest
00:43:00,bsb-fin.ru,DNS_ERR,0,GET,0,DNS timeout,genatest
00:43:00,bt.dome.foundation,DNS_ERR,0,GET,0,DNS timeout,genatest
00:43:00,bt.tmnpark.ru,DNS_ERR,0,GET,0,DNS timeout,genatest
00:43:00,btkh.ru,DNS_ERR,0,GET,0,DNS timeout,genatest
00:43:00,bttrc.ru,DNS_ERR,0,GET,0,DNS timeout,genatest
00:43:00,bubble.gitlab.yandexcloud.net,OK,200,HEAD,540.6,OK,genatest
00:43:00,bubbleo.ru,DNS_ERR,0,GET,0,DNS timeout,genatest
00:43:00,buhanka.ru,SSL_ERR,0,GET,0,SSL handshake failed,genatest
00:43:00,buhchet.y-y-y.ru,DNS_ERR,0,GET,0,DNS timeout,genatest
00:43:00,build.tsup-rt.ru,DNS_ERR,0,GET,0,DNS timeout,genatest
00:43:00,buildbox.app,DNS_ERR,0,GET,0,DNS timeout,genatest
00:43:00,burenka.pro,SSL_ERR,0,GET,0,SSL handshake failed,genatest
00:43:00,burozaboty.ru,SSL_ERR,0,GET,0,SSL handshake failed,genatest
00:43:00,business-data.ru,DNS_ERR,0,GET,0,DNS timeout,genatest
00:43:00,buy-dubai.ae,RST,0,GET,0,Connection refused,genatest
00:43:00,bvbinfo.ru,DNS_ERR,0,GET,0,DNS timeout,genatest
00:43:00,bx24.maglyproekt.com,SSL_ERR,0,GET,0,SSL handshake failed,genatest
00:43:00,c2.zx72.net,DNS_ERR,0,GET,0,DNS timeout,genatest
00:43:00,ca.filmoskope.ru,DNS_ERR,0,GET,0,DNS timeout,genatest
00:43:00,cabinet.pay2b.ru,DNS_ERR,0,GET,0,DNS timeout,genatest
00:43:00,cabinet.slovo-ed.ru,DNS_ERR,0,GET,0,DNS timeout,genatest
00:43:00,cadvisor.surdoclass.ru,DNS_ERR,0,GET,0,DNS timeout,genatest
00:43:00,cafe-lavash.com,DNS_ERR,0,GET,0,DNS timeout,genatest
00:43:00,calc.autofinancebank.ru,DNS_ERR,0,GET,0,DNS timeout,genatest
00:43:00,calls-quality-assessments.icl-soft.ru,DNS_ERR,0,GET,0,DNS timeout,genatest
00:43:00,calls.dgr.am,DNS_ERR,0,GET,0,DNS timeout,genatest
00:43:00,calypso.gitlab.yandexcloud.net,OK,200,HEAD,542.1,OK,genatest
00:43:00,camerussia.com,DNS_ERR,0,GET,0,DNS timeout,genatest
00:43:00,camunda.reunico.com,DNS_ERR,0,GET,0,DNS timeout,genatest
00:43:00,carcoin.gitlab.yandexcloud.net,SSL_ERR,0,GET,0,SSL handshake failed,genatest
00:43:00,cardform.payform.ru,DNS_ERR,0,GET,0,DNS timeout,genatest
00:43:00,carely.group,SSL_ERR,0,GET,0,SSL handshake failed,genatest
00:43:00,carrobiz.com,SSL_ERR,0,GET,0,SSL handshake failed,genatest
00:43:00,cascade.org.ru,DNS_ERR,0,-,0,Domain not resolved,genatest
00:43:00,case.one,DNS_ERR,0,GET,0,DNS timeout,genatest
00:43:00,catchall.test.priorlog.com,DNS_ERR,0,GET,0,DNS timeout,genatest
00:43:00,cbaza.cvetolife.wmstudio.su,DNS_ERR,0,GET,0,DNS timeout,genatest
00:43:00,cbse1.gitlab.yandexcloud.net,DNS_ERR,0,GET,0,DNS timeout,genatest
00:43:00,ccsteam.ru,DNS_ERR,0,-,0,Domain not resolved,genatest
00:43:00,cdek.ru,DNS_ERR,0,GET,0,DNS timeout,genatest
00:43:00,cdekfin.ru,DNS_ERR,0,GET,0,DNS timeout,genatest
00:43:00,cdn-api.reklamec.ru,HTTP_ERR,400,GET,52.8,400 Bad Request,genatest
00:43:00,cdn.cs37.ru,DNS_ERR,0,GET,0,DNS timeout,genatest
00:43:00,cdn.lapka77.ru,DNS_ERR,0,GET,0,DNS timeout,genatest
00:43:00,cdn.memeplanet.org,SSL_ERR,0,GET,0,SSL handshake failed,genatest
00:43:00,cdn.nomnomquest.ru,DNS_ERR,0,GET,0,DNS timeout,genatest
00:43:00,cdn.omgcloud.ru,DNS_ERR,0,GET,0,DNS timeout,genatest
00:43:00,cdn.yandex.net,DNS_ERR,0,-,0,Domain not resolved,genatest
00:43:00,cdnvideo.ru,OK,200,HEAD,1306.2,OK,genatest
00:43:00,cdo-global.com,SSL_ERR,0,GET,0,SSL handshake failed,genatest
00:43:00,cdpn-se-ama-1.majestic-rp.ru,DNS_ERR,0,GET,0,DNS timeout,genatest
00:43:00,cenovik.dzeta.by,DNS_ERR,0,GET,0,DNS timeout,genatest
00:43:00,centrofinans.ru,OK,200,HEAD,692.1,OK,genatest
00:43:00,certit.ru,OK,200,HEAD,459.7,OK,genatest
00:43:00,cf.it-nb.ru,DNS_ERR,0,GET,0,DNS timeout,genatest
00:43:00,cfa.digital,OK,200,HEAD,698.7,OK,genatest
00:43:00,cfolm.ru,SSL_ERR,0,GET,0,SSL handshake failed,genatest
00:43:00,chat.devmw.ru,DNS_ERR,0,GET,0,DNS timeout,genatest
00:43:00,chat.inmyroom.ru,DNS_ERR,0,GET,0,DNS timeout,genatest
00:43:00,chat.katus.ai,DNS_ERR,0,GET,0,DNS timeout,genatest
00:43:00,chat.nadostudio.com,DNS_ERR,0,GET,0,DNS timeout,genatest
00:43:00,chat.picodata.io,DNS_ERR,0,GET,0,DNS timeout,genatest
00:43:00,chat.ridero.in,DNS_ERR,0,GET,0,DNS timeout,genatest
00:43:00,chat.tassist.ru,DNS_ERR,0,GET,0,DNS timeout,genatest
00:43:00,chat2desk.com,SSL_ERR,0,GET,0,SSL handshake failed,genatest
00:43:00,chatapp.online,SSL_ERR,0,GET,0,SSL handshake failed,genatest
00:43:00,checheckers.ru,DNS_ERR,0,-,0,Domain not resolved,genatest
00:43:00,chekiizapteki.gitlab.yandexcloud.net,SSL_ERR,0,GET,0,SSL handshake failed,genatest
00:43:00,chekovoepromo.ru,DNS_ERR,0,-,0,Domain not resolved,genatest
00:43:00,chelyabinsk-porsche.ru,DNS_ERR,0,GET,0,DNS timeout,genatest
00:43:00,chesterapp.ru,DNS_ERR,0,GET,0,DNS timeout,genatest
00:43:00,chrometrica-server.online,DNS_ERR,0,GET,0,DNS timeout,genatest
00:43:00,chrometrica.ru,DNS_ERR,0,GET,0,DNS timeout,genatest
00:43:00,chudnoff.photos,SSL_ERR,0,GET,0,SSL handshake failed,genatest
00:43:00,cian.ru,DNS_ERR,0,GET,0,DNS timeout,genatest
00:43:00,cic-edu.ru,DNS_ERR,0,GET,0,DNS timeout,genatest
00:43:00,cifrium.gitlab.yandexcloud.net,OK,200,HEAD,499.1,OK,genatest
00:43:00,cilicia.app,DNS_ERR,0,GET,0,DNS timeout,genatest
00:43:00,cislinkmdlp.ru,OK,200,HEAD,307.2,OK,genatest
00:43:00,citymat.ru,DNS_ERR,0,-,0,Domain not resolved,genatest
00:43:00,citynews.life,DNS_ERR,0,-,0,Domain not resolved,genatest
00:43:00,clara-dev.copperside.ru,DNS_ERR,0,GET,0,DNS timeout,genatest
00:43:00,clearway.gitlab.yandexcloud.net,DNS_ERR,0,GET,0,DNS timeout,genatest
00:43:00,clickhelp.ru,SSL_ERR,0,GET,0,SSL handshake failed,genatest
00:43:00,client-stg.restreak.ru,DNS_ERR,0,GET,0,DNS timeout,genatest
00:43:00,clients1.elma365.ru,DNS_ERR,0,GET,0,DNS timeout,genatest
00:43:00,clinicup.ru,OK,200,HEAD,427.3,OK,genatest
00:43:00,cloud-b.ru,OK,200,HEAD,408.0,OK,genatest
00:43:00,cloud-git.tr069.ru,DNS_ERR,0,GET,0,DNS timeout,genatest
00:43:00,cloud-services-engineer.gitlab.yandexcloud.net,OK,200,HEAD,429.7,OK,genatest
00:43:00,cloud-test.renlife.ru,DNS_ERR,0,-,0,Domain not resolved,genatest
00:43:00,cloud.dab512.ru,DNS_ERR,0,GET,0,DNS timeout,genatest
00:43:00,cloud.dev2.cloud.eltis.com,DNS_ERR,0,GET,0,DNS timeout,genatest
00:43:00,cloud.itv.ru,DNS_ERR,0,GET,0,DNS timeout,genatest
00:43:00,cloud.sksp.site,DNS_ERR,0,GET,0,DNS timeout,genatest
00:43:00,cloud.smartpoint.pro,DNS_ERR,0,GET,0,DNS timeout,genatest
00:43:00,cloud.su-19.com,DNS_ERR,0,GET,0,DNS timeout,genatest
00:43:00,cloud.xdsoft.net,RST,0,GET,0,Connection refused,genatest
00:43:00,cloudb.gitlab.yandexcloud.net,DNS_ERR,0,GET,0,DNS timeout,genatest
00:43:00,cloudflare-dns.com,RST,0,GET,0,Connection refused,genatest
00:43:00,cloudflare.com,RST,0,GET,0,Connection refused,genatest
00:43:00,cloudrynth.com,SSL_ERR,0,GET,0,SSL handshake failed,genatest
00:43:00,club.peff.ai,DNS_ERR,0,-,0,Domain not resolved,genatest
00:43:00,cluserver.com,SSL_ERR,0,GET,0,SSL handshake failed,genatest
00:43:00,cluster.avokzaly.ru,DNS_ERR,0,GET,0,DNS timeout,genatest
00:43:00,cm.academcity.online,DNS_ERR,0,GET,0,DNS timeout,genatest
00:43:00,cmeta.space,DNS_ERR,0,GET,0,DNS timeout,genatest
00:43:00,cmpfm.ru,DNS_ERR,0,GET,0,DNS timeout,genatest
00:43:00,cms-api-live.coresvc.tech,DNS_ERR,0,GET,0,DNS timeout,genatest
00:43:00,cms.hwservice.ru,DNS_ERR,0,GET,0,DNS timeout,genatest
00:43:00,cnn.izhadmin.ru,SSL_ERR,0,GET,0,SSL handshake failed,genatest
00:43:00,co-work.ru,SSL_ERR,0,GET,0,SSL handshake failed,genatest
00:43:00,cocacola-hr-bot.cleverbots.ru,DNS_ERR,0,GET,0,DNS timeout,genatest
00:43:00,codeitup.ru,SSL_ERR,0,GET,0,SSL handshake failed,genatest
00:43:00,codes-base.ru,DNS_ERR,0,GET,0,DNS timeout,genatest
00:43:00,codex-it.gitlab.yandexcloud.net,OK,200,HEAD,497.8,OK,genatest
00:43:00,coffeemania.school,DNS_ERR,0,GET,0,DNS timeout,genatest
00:43:00,colizeum.ru,DNS_ERR,0,GET,0,DNS timeout,genatest
00:43:00,colizeumarena.ru,DNS_ERR,0,-,0,Domain not resolved,genatest
00:43:00,collection-club.ru,SSL_ERR,0,GET,0,SSL handshake failed,genatest
00:43:00,com-yandex.ru,DNS_ERR,0,GET,0,DNS timeout,genatest
00:43:00,commeet.gitlab.yandexcloud.net,OK,200,HEAD,564.0,OK,genatest
00:43:00,common.playvision.ru,SSL_ERR,0,GET,0,SSL handshake failed,genatest
00:43:00,compass.i-dgtl.ru,DNS_ERR,0,GET,0,DNS timeout,genatest
00:43:00,composit-tracks.ru,DNS_ERR,0,GET,0,DNS timeout,genatest
00:43:00,conan.vrconcept.net,DNS_ERR,0,GET,0,DNS timeout,genatest
00:43:00,conf.payselection.com,DNS_ERR,0,GET,0,DNS timeout,genatest
00:43:00,confluence.kingbird.ru,DNS_ERR,0,GET,0,DNS timeout,genatest
00:43:00,confluence.nigmasoft.ru,DNS_ERR,0,GET,0,DNS timeout,genatest
00:43:00,console-staging.yandex.cloud,RST,0,GET,0,Connection refused,genatest
00:43:00,constr-converter.devnelin.ru,DNS_ERR,0,GET,0,DNS timeout,genatest
00:43:00,container-registry.cloud-preprod.yandex.net,DNS_ERR,0,GET,0,DNS timeout,genatest
00:43:00,container-registry.cloud.yandex.net,DNS_ERR,0,GET,0,DNS timeout,genatest
00:43:00,continental.gitlab.yandexcloud.net,OK,200,HEAD,1145.7,OK,genatest
00:43:00,copydefend.com,DNS_ERR,0,GET,0,DNS timeout,genatest
00:43:00,core-renderer-tiles.maps.yandex.net,HTTP_ERR,404,HEAD,430.8,404 Not Found,genatest
00:43:00,core.neuro42.ru,DNS_ERR,0,GET,0,DNS timeout,genatest
00:43:00,corp.lenta.com,DNS_ERR,0,GET,0,DNS timeout,genatest
00:43:00,corptalk.playform.ru,DNS_ERR,0,GET,0,DNS timeout,genatest
00:43:00,cosmetic.magnit.ru,SSL_ERR,0,GET,0,SSL handshake failed,genatest
00:43:00,couch.maximdomain.org.ru,DNS_ERR,0,GET,0,DNS timeout,genatest
00:43:00,courierist.com,DNS_ERR,0,GET,0,DNS timeout,genatest
00:43:00,cowblue.ru,DNS_ERR,0,GET,0,DNS timeout,genatest
00:43:00,cpamerix.ru,HTTP_ERR,402,HEAD,496.4,402 Payment Required,genatest
00:43:00,cpf.nygma.io,DNS_ERR,0,GET,0,DNS timeout,genatest
00:43:00,cr.b1-it.ru,DNS_ERR,0,GET,0,DNS timeout,genatest
00:43:00,cr.nemo.travel,DNS_ERR,0,-,0,Domain not resolved,genatest
00:43:00,cre8-cloudlab.gitlab.yandexcloud.net,DNS_ERR,0,-,0,Domain not resolved,genatest
00:43:00,creddy.ru,DNS_ERR,0,-,0,Domain not resolved,genatest
00:43:00,credityzaimy.ru,DNS_ERR,0,-,0,Domain not resolved,genatest
00:43:00,crm.anybooks.ru,DNS_ERR,0,-,0,Domain not resolved,genatest
00:43:00,crm.bel-finance.ru,DNS_ERR,0,-,0,Domain not resolved,genatest
00:43:00,crm.cleverv.ru,DNS_ERR,0,GET,0,DNS timeout,genatest
00:43:00,crm.del-it.ru,DNS_ERR,0,GET,0,DNS timeout,genatest
00:43:00,crm.finleo.ru,DNS_ERR,0,GET,0,DNS timeout,genatest
00:43:00,crm.flomni.ru,DNS_ERR,0,GET,0,DNS timeout,genatest
00:43:00,crm.itmo.dev,DNS_ERR,0,GET,0,DNS timeout,genatest
00:43:00,crm.itmo.ru,DNS_ERR,0,GET,0,DNS timeout,genatest
00:43:00,crm.konakovo.com,DNS_ERR,0,GET,0,DNS timeout,genatest
00:43:00,crm.lectarium.ru,DNS_ERR,0,GET,0,DNS timeout,genatest
00:43:00,crm.lider-gk24.ru,DNS_ERR,0,GET,0,DNS timeout,genatest
00:43:00,crm.paketic.ru,DNS_ERR,0,GET,0,DNS timeout,genatest
00:43:00,crm.prosv.ru,DNS_ERR,0,GET,0,DNS timeout,genatest
00:43:00,crm.redgm.ru,DNS_ERR,0,GET,0,DNS timeout,genatest
00:43:00,crm.sofiadoors.com,DNS_ERR,0,GET,0,DNS timeout,genatest
00:43:00,crm.ukab.ru,DNS_ERR,0,GET,0,DNS timeout,genatest
00:43:00,crm.viory.video,OK,200,HEAD,500.5,OK,genatest
00:43:00,crm.vitamedrf.ru,DNS_ERR,0,GET,0,DNS timeout,genatest
00:43:00,crmday.xyz,DNS_ERR,0,GET,0,DNS timeout,genatest
00:43:00,crmyolva.yolva-it.ru,DNS_ERR,0,GET,0,DNS timeout,genatest
00:43:00,crossota.ru,DNS_ERR,0,GET,0,DNS timeout,genatest
00:43:00,crowdx.pro,SSL_ERR,0,GET,0,SSL handshake failed,genatest
00:43:00,cryptoexdev.ru,DNS_ERR,0,-,0,Domain not resolved,genatest
00:43:00,crystalrock.ru,DNS_ERR,0,-,0,Domain not resolved,genatest
00:43:00,cs.infolesson.kz,OK,200,HEAD,401.6,OK,genatest
00:43:00,cscart.gitlab.yandexcloud.net,OK,200,HEAD,467.2,OK,genatest
00:43:00,csoftnw.ru,DNS_ERR,0,GET,0,DNS timeout,genatest
00:43:00,cu-trainer.ru,DNS_ERR,0,GET,0,DNS timeout,genatest
00:43:00,cubicservice.ru,SSL_ERR,0,GET,0,SSL handshake failed,genatest
00:43:00,cuboapp.gitlab.yandexcloud.net,SSL_ERR,0,GET,0,SSL handshake failed,genatest
00:43:00,customerx.gitlab.yandexcloud.net,DNS_ERR,0,GET,0,DNS timeout,genatest
00:43:00,customerx.ru,DNS_ERR,0,-,0,Domain not resolved,genatest
00:43:00,cv4.ru,DNS_ERR,0,-,0,Domain not resolved,genatest
00:43:00,cw.modr.club,DNS_ERR,0,GET,0,DNS timeout,genatest
00:43:00,cyber-sphinx-gatekeeper.infra.ctrlhack.ru,DNS_ERR,0,GET,0,DNS timeout,genatest
00:43:00,cyberok.gitlab.yandexcloud.net,DNS_ERR,0,GET,0,DNS timeout,genatest
00:43:00,cyberpathways.kaspersky.com,OK,200,HEAD,379.2,OK,genatest
00:43:00,cyberphysics.gitlab.yandexcloud.net,DNS_ERR,0,GET,0,DNS timeout,genatest
00:43:00,cybertonica.com,RST,0,GET,0,Connection refused,genatest
00:43:00,d1.api.vish-app.ru,DNS_ERR,0,GET,0,DNS timeout,genatest
00:43:00,d2.3dev.tech,DNS_ERR,0,GET,0,DNS timeout,genatest
00:43:00,d2c.r-one.io,DNS_ERR,0,-,0,Domain not resolved,genatest
00:43:00,dadata.platform.tatar.ru,DNS_ERR,0,GET,0,DNS timeout,genatest
00:43:00,dahlia.gitlab.yandexcloud.net,OK,200,HEAD,457.5,OK,genatest
00:43:00,daichicloud.ru,DNS_ERR,0,GET,0,DNS timeout,genatest
00:43:00,dairytech-expo.ru,DNS_ERR,0,GET,0,DNS timeout,genatest
00:43:00,dam.tmk-group.ru,DNS_ERR,0,GET,0,DNS timeout,genatest
00:43:00,darsi.gitlab.yandexcloud.net,OK,200,HEAD,489.6,OK,genatest
00:43:00,dashboard.wideframe.ru,DNS_ERR,0,GET,0,DNS timeout,genatest
00:43:00,data-science.gitlab.yandexcloud.net,DNS_ERR,0,GET,0,DNS timeout,genatest
00:43:00,datacatalog.cloud-preprod.yandex.net,DNS_ERR,0,-,0,Domain not resolved,genatest
00:43:00,datachemistrylab.gitlab.yandexcloud.net,DNS_ERR,0,GET,0,DNS timeout,genatest
00:43:00,dataplatform.ibcrealestate.ru,DNS_ERR,0,GET,0,DNS timeout,genatest
00:43:00,dataproc-ui.cloud-preprod.yandex.net,DNS_ERR,0,GET,0,DNS timeout,genatest
00:43:00,db.kadev.ru,DNS_ERR,0,GET,0,DNS timeout,genatest
00:43:00,dbi.ru,SSL_ERR,0,GET,0,SSL handshake failed,genatest
00:43:00,dbo2waf.kubcred.ru,DNS_ERR,0,GET,0,DNS timeout,genatest
00:43:00,dbrain.nocode.ru,DNS_ERR,0,GET,0,DNS timeout,genatest
00:43:00,dbtrlm.ru,DNS_ERR,0,GET,0,DNS timeout,genatest
00:43:00,dbvcot.kadev.ru,DNS_ERR,0,GET,0,DNS timeout,genatest
00:43:00,dc.w-hub.ru,DNS_ERR,0,GET,0,DNS timeout,genatest
00:43:00,dcl.ru,OK,200,HEAD,681.6,OK,genatest
00:43:00,dclouds.ru,OK,200,HEAD,572.5,OK,genatest
00:43:00,dct-ai.gitlab.yandexcloud.net,OK,200,HEAD,652.4,OK,genatest
00:43:00,dds.mass-project.dev,DNS_ERR,0,GET,0,DNS timeout,genatest
00:43:00,ddxfitness.ru,DNS_ERR,0,GET,0,DNS timeout,genatest
00:43:00,de-free.fxccc.cc,RST,0,GET,0,Connection refused,genatest
00:43:00,default.gitlab.yandexcloud.net,DNS_ERR,0,GET,0,DNS timeout,genatest
00:43:00,delivery-dev-uat-yandex.nobilis.cloud,DNS_ERR,0,GET,0,DNS timeout,genatest
00:43:00,demo-dfa.bcs.ru,DNS_ERR,0,GET,0,DNS timeout,genatest
00:43:00,demo-gs1.animasentis.com,DNS_ERR,0,GET,0,DNS timeout,genatest
00:43:00,demo-lk.keter.website,DNS_ERR,0,GET,0,DNS timeout,genatest
00:43:00,demo.case.one,DNS_ERR,0,-,0,Domain not resolved,genatest
00:43:00,demo.cybertamga.kz,SSL_ERR,0,GET,0,SSL handshake failed,genatest
00:43:00,demo.echo.daichi.business,DNS_ERR,0,GET,0,DNS timeout,genatest
00:43:00,demo.gk-adept.ru,DNS_ERR,0,GET,0,DNS timeout,genatest
00:43:00,demo.korobka360.ru,DNS_ERR,0,GET,0,DNS timeout,genatest
00:43:00,demo.rooxteam.com,DNS_ERR,0,-,0,Domain not resolved,genatest
00:43:00,demo.ytsaurus.tech,DNS_ERR,0,GET,0,DNS timeout,genatest
00:43:00,demonewlogic.it,DNS_ERR,0,-,0,Domain not resolved,genatest
00:43:00,dentist-plus.com,SSL_ERR,0,GET,0,SSL handshake failed,genatest
00:43:00,dentomo.gitlab.yandexcloud.net,DNS_ERR,0,GET,0,DNS timeout,genatest
00:43:00,denumtara.gitlab.yandexcloud.net,OK,200,HEAD,372.3,OK,genatest
00:43:00,deputy.1ee47.net,DNS_ERR,0,GET,0,DNS timeout,genatest
00:43:00,derby-fantasy.ru,DNS_ERR,0,GET,0,DNS timeout,genatest
00:43:00,deshar.ru,SSL_ERR,0,GET,0,SSL handshake failed,genatest
00:43:00,design-house.gitlab.yandexcloud.net,DNS_ERR,0,GET,0,DNS timeout,genatest
00:43:00,designer.sytes.net,DNS_ERR,0,GET,0,DNS timeout,genatest
00:43:00,desport.ru,DNS_ERR,0,GET,0,DNS timeout,genatest
00:43:00,dev-5.cybersport.metaratings.ru,DNS_ERR,0,GET,0,DNS timeout,genatest
00:43:00,dev-modul.gitlab.yandexcloud.net,DNS_ERR,0,GET,0,DNS timeout,genatest
00:43:00,dev-rest.dgtor.tech,DNS_ERR,0,GET,0,DNS timeout,genatest
00:43:00,dev-yc.tessmarket.ru,DNS_ERR,0,-,0,Domain not resolved,genatest
00:43:00,dev.absolute-help.ru,DNS_ERR,0,GET,0,DNS timeout,genatest
00:43:00,dev.air-midea.com,DNS_ERR,0,GET,0,DNS timeout,genatest
00:43:00,dev.anamibrand.com,DNS_ERR,0,-,0,Domain not resolved,genatest
00:43:00,dev.bananadrama.com,DNS_ERR,0,GET,0,DNS timeout,genatest
00:43:00,dev.cluster.daymarket.uz,RST,0,GET,0,Connection refused,genatest
00:43:00,dev.d.bit-erp.ru,DNS_ERR,0,GET,0,DNS timeout,genatest
00:43:00,dev.external.padelapp.club,DNS_ERR,0,GET,0,DNS timeout,genatest
00:43:00,dev.flystart.ru,HTTP_ERR,404,HEAD,474.2,404 Not Found,genatest
00:43:00,dev.gasworkers.ru,DNS_ERR,0,GET,0,DNS timeout,genatest
00:43:00,dev.guestme.space,DNS_ERR,0,-,0,Domain not resolved,genatest
00:43:00,dev.ingresso.coffee,DNS_ERR,0,GET,0,DNS timeout,genatest
00:43:00,dev.jnjvision.ru,DNS_ERR,0,GET,0,DNS timeout,genatest
00:43:00,dev.manufaqtury.com,DNS_ERR,0,GET,0,DNS timeout,genatest
00:43:00,dev.maze-app.tech,DNS_ERR,0,GET,0,DNS timeout,genatest
00:43:00,dev.moneybox.technaxis.com,DNS_ERR,0,GET,0,DNS timeout,genatest
00:43:00,dev.p.uluky.com,DNS_ERR,0,-,0,Domain not resolved,genatest
00:43:00,dev.pfsense.services.itmo.dev,DNS_ERR,0,GET,0,DNS timeout,genatest
00:43:00,dev.pikassa.io,DNS_ERR,0,GET,0,DNS timeout,genatest
00:43:00,dev.private-crm.ru,DNS_ERR,0,GET,0,DNS timeout,genatest
00:43:00,dev.public.clussters.ru,DNS_ERR,0,GET,0,DNS timeout,genatest
00:43:00,dev.rubbles-engineering.ru,DNS_ERR,0,-,0,Domain not resolved,genatest
00:43:00,dev.smu88.group,DNS_ERR,0,GET,0,DNS timeout,genatest
00:43:00,dev.sredadevservice.ru,SSL_ERR,0,GET,0,SSL handshake failed,genatest
00:43:00,dev.vikagym.ru,DNS_ERR,0,GET,0,DNS timeout,genatest
00:43:00,dev.zernovozam.ru,DNS_ERR,0,GET,0,DNS timeout,genatest
00:43:00,dev1.24.fondvera.ru,DNS_ERR,0,GET,0,DNS timeout,genatest
00:43:00,dev1.kassirplus.ru,DNS_ERR,0,-,0,Domain not resolved,genatest
00:43:00,dev3.vkusnoitochka.ru,DNS_ERR,0,GET,0,DNS timeout,genatest
00:43:00,devapi.cyberdst.ru,DNS_ERR,0,GET,0,DNS timeout,genatest
00:43:00,develop11.kru.kortros.ru,DNS_ERR,0,GET,0,DNS timeout,genatest
00:43:00,develop4.kru.kortros.ru,DNS_ERR,0,GET,0,DNS timeout,genatest
00:43:00,devex.safe-poker.ru,SSL_ERR,0,GET,0,SSL handshake failed,genatest
00:43:00,devf1.simples.work,DNS_ERR,0,GET,0,DNS timeout,genatest
00:43:00,devicon.gitlab.yandexcloud.net,DNS_ERR,0,GET,0,DNS timeout,genatest
00:43:00,devmodo.gitlab.yandexcloud.net,DNS_ERR,0,GET,0,DNS timeout,genatest
00:43:00,devrel-support-bot.ru,DNS_ERR,0,GET,0,DNS timeout,genatest
00:43:00,devs-universe.gitlab.yandexcloud.net,DNS_ERR,0,GET,0,DNS timeout,genatest
00:43:00,devstat.gitlab.yandexcloud.net,DNS_ERR,0,GET,0,DNS timeout,genatest
00:43:00,dfg152.gitlab.yandexcloud.net,OK,200,HEAD,501.5,OK,genatest
00:43:00,diamaxis.gitlab.yandexcloud.net,SSL_ERR,0,GET,0,SSL handshake failed,genatest
00:43:00,diaverse.gitlab.yandexcloud.net,DNS_ERR,0,-,0,Domain not resolved,genatest
00:43:00,digitalboost.gitlab.yandexcloud.net,OK,200,HEAD,500.4,OK,genatest
00:43:00,digitallegends.ru,DNS_ERR,0,GET,0,DNS timeout,genatest
00:43:00,digitech.ru,OK,200,HEAD,261.4,OK,genatest
00:43:00,disk.2gis.com,HTTP_ERR,404,HEAD,446.2,404 Not Found,genatest
00:43:00,disp-mining.ru,DNS_ERR,0,GET,0,DNS timeout,genatest
00:43:00,displayfleet.ru,DNS_ERR,0,GET,0,DNS timeout,genatest
00:43:00,div.pro,DNS_ERR,0,GET,0,DNS timeout,genatest
00:43:00,djurist.gitlab.yandexcloud.net,DNS_ERR,0,GET,0,DNS timeout,genatest
00:43:00,dl-ice.spbstu.ru,DNS_ERR,0,GET,0,DNS timeout,genatest
00:43:00,dmgit.gitlab.yandexcloud.net,OK,200,HEAD,492.4,OK,genatest
00:43:00,dmz.qugo.ru,DNS_ERR,0,-,0,Domain not resolved,genatest
00:43:00,dnasekin.pinkit.site,DNS_ERR,0,GET,0,DNS timeout,genatest
00:43:00,dnd-yopta.ru,DNS_ERR,0,GET,0,DNS timeout,genatest
00:43:00,dnk-russia.com,SSL_ERR,0,GET,0,SSL handshake failed,genatest
00:43:00,do-you-like-our-owl.xyz,DNS_ERR,0,GET,0,DNS timeout,genatest
00:43:00,do2023-prod-app.niko.institute,DNS_ERR,0,GET,0,DNS timeout,genatest
00:43:00,do2023-prod-app2.niko.institute,DNS_ERR,0,GET,0,DNS timeout,genatest
00:43:00,dobro.ru,OK,200,HEAD,416.4,OK,genatest
00:43:00,docifyai.ru,DNS_ERR,0,GET,0,DNS timeout,genatest
00:43:00,docker-hub.ishanghome.com,DNS_ERR,0,GET,0,DNS timeout,genatest
00:43:00,docker.phishman.ru,DNS_ERR,0,GET,0,DNS timeout,genatest
00:43:00,docs.brandmonitor.ru,DNS_ERR,0,GET,0,DNS timeout,genatest
00:43:00,doctor.telemed-dev.tecius-soft.ru,DNS_ERR,0,GET,0,DNS timeout,genatest
00:43:00,document-mts.com,DNS_ERR,0,GET,0,DNS timeout,genatest
00:43:00,doh.xorlet.ru,DNS_ERR,0,GET,0,DNS timeout,genatest
00:43:00,dolina-sad.ru,DNS_ERR,0,GET,0,DNS timeout,genatest
00:43:00,domein.gitlab.yandexcloud.net,DNS_ERR,0,GET,0,DNS timeout,genatest
00:43:00,dostavix.gitlab.yandexcloud.net,OK,200,HEAD,358.8,OK,genatest
00:43:00,dostavka.topgo.group,DNS_ERR,0,GET,0,DNS timeout,genatest
00:43:00,dotdex.ru,SSL_ERR,0,GET,0,SSL handshake failed,genatest
00:43:00,doxsw.gitlab.yandexcloud.net,DNS_ERR,0,GET,0,DNS timeout,genatest
00:43:00,dqp-dev.shoushitsu.org,DNS_ERR,0,GET,0,DNS timeout,genatest
00:43:00,drive2.ru,OK,200,HEAD,567.8,OK,genatest
00:43:00,drogeriexpert.ru,DNS_ERR,0,GET,0,DNS timeout,genatest
00:43:00,drop-ru.delonghigroup.com,SSL_ERR,0,GET,0,SSL handshake failed,genatest
00:43:00,ds-practicum.gitlab.yandexcloud.net,DNS_ERR,0,GET,0,DNS timeout,genatest
00:43:00,ds-ubrr.gitlab.yandexcloud.net,DNS_ERR,0,GET,0,DNS timeout,genatest
00:43:00,ds4b-dev.gitlab.yandexcloud.net,OK,200,HEAD,435.7,OK,genatest
00:43:00,dsk-stolica.ru,DNS_ERR,0,GET,0,DNS timeout,genatest
00:43:00,dtechs.gitlab.yandexcloud.net,DNS_ERR,0,GET,0,DNS timeout,genatest
00:43:00,dubrovsky.ru,OK,200,HEAD,325.0,OK,genatest
00:43:00,durovscode.com,RST,0,GET,0,Connection refused,genatest
00:43:00,dusha-dating.ru,DNS_ERR,0,GET,0,DNS timeout,genatest
00:43:00,dverprof-montazh.com,DNS_ERR,0,GET,0,DNS timeout,genatest
00:43:00,dvizh.io,SSL_ERR,0,GET,0,SSL handshake failed,genatest
00:43:00,e-comet.io,SSL_ERR,0,GET,0,SSL handshake failed,genatest
00:43:00,e.mbtshoes.ru,DNS_ERR,0,GET,0,DNS timeout,genatest
00:43:00,e.rmine.net,DNS_ERR,0,GET,0,DNS timeout,genatest
00:43:00,e4m.pro,DNS_ERR,0,GET,0,DNS timeout,genatest
00:43:00,easy-mo.ru,RST,0,GET,0,Connection refused,genatest
00:43:00,ecdo-socket.2people.io,DNS_ERR,0,GET,0,DNS timeout,genatest
00:43:00,ecomonitor62.ru,DNS_ERR,0,GET,0,DNS timeout,genatest
00:43:00,ecopoint.gitlab.yandexcloud.net,DNS_ERR,0,GET,0,DNS timeout,genatest
00:43:00,ecopsy.ru,DNS_ERR,0,GET,0,DNS timeout,genatest
00:43:00,ecostarlab.gitlab.yandexcloud.net,DNS_ERR,0,GET,0,DNS timeout,genatest
00:43:00,edbee-tech.ru,DNS_ERR,0,GET,0,DNS timeout,genatest
00:43:00,edge.tuktak.online,DNS_ERR,0,-,0,Domain not resolved,genatest
00:43:00,edgecdn.world,RST,0,GET,0,Connection refused,genatest
00:43:00,edit.expo.onbs.dev,DNS_ERR,0,GET,0,DNS timeout,genatest
00:43:00,edo.pnsh.ru,DNS_ERR,0,GET,0,DNS timeout,genatest
00:43:00,edstein.ru,OK,200,HEAD,800.5,OK,genatest
00:43:00,edu.dobro.ru,OK,200,HEAD,470.6,OK,genatest
00:43:00,education-astra.ru,DNS_ERR,0,GET,0,DNS timeout,genatest
00:43:00,efin.ru,DNS_ERR,0,GET,0,DNS timeout,genatest
00:43:00,efrtest.ru,SSL_ERR,0,GET,0,SSL handshake failed,genatest
00:43:00,egais.plus,OK,200,HEAD,279.4,OK,genatest
00:43:00,eggheads.solutions,OK,200,HEAD,576.4,OK,genatest
00:43:00,egorkaverin.ru,DNS_ERR,0,-,0,Domain not resolved,genatest
00:43:00,eis.prod.transparent-technology.ru,DNS_ERR,0,GET,0,DNS timeout,genatest
00:43:00,ekapusta.ru,DNS_ERR,0,GET,0,DNS timeout,genatest
00:43:00,ekodar.gitlab.yandexcloud.net,DNS_ERR,0,GET,0,DNS timeout,genatest
00:43:00,ekoniva-apk.gitlab.yandexcloud.net,DNS_ERR,0,GET,0,DNS timeout,genatest
00:43:00,elari-it.gitlab.yandexcloud.net,DNS_ERR,0,GET,0,DNS timeout,genatest
00:43:00,elektrik.maksim.pro,DNS_ERR,0,GET,0,DNS timeout,genatest
00:43:00,element.kitar-chat.ru,SSL_ERR,0,GET,0,SSL handshake failed,genatest
00:43:00,elixir.ravin.gs,DNS_ERR,0,GET,0,DNS timeout,genatest
00:43:00,elma.smart-ts.ru,DNS_ERR,0,GET,0,DNS timeout,genatest
00:43:00,em-dev.gitlab.yandexcloud.net,OK,200,HEAD,403.1,OK,genatest
00:43:00,email.t-pass.pro,DNS_ERR,0,GET,0,DNS timeout,genatest
00:43:00,emcmos.gitlab.yandexcloud.net,DNS_ERR,0,GET,0,DNS timeout,genatest
00:43:00,empiresport.gitlab.yandexcloud.net,DNS_ERR,0,GET,0,DNS timeout,genatest
00:43:00,emrata.top,DNS_ERR,0,-,0,Domain not resolved,genatest
00:43:00,emsmoc.ru,SSL_ERR,0,GET,0,SSL handshake failed,genatest
00:43:00,en.cx,OK,200,HEAD,404.2,OK,genatest
00:43:00,endo-sales.ru,DNS_ERR,0,GET,0,DNS timeout,genatest
00:43:00,ends-hmao.gitlab.yandexcloud.net,DNS_ERR,0,GET,0,DNS timeout,genatest
00:43:00,energogarant.gitlab.yandexcloud.net,DNS_ERR,0,GET,0,DNS timeout,genatest
00:43:00,eniteo.ru,OK,200,HEAD,1089.1,OK,genatest
00:43:00,enrollme.plus,DNS_ERR,0,GET,0,DNS timeout,genatest
00:43:00,enter.planetoz.pro,DNS_ERR,0,GET,0,DNS timeout,genatest
00:43:00,entrance.angara.cloud,DNS_ERR,0,GET,0,DNS timeout,genatest
00:43:00,enzym.ru,SSL_ERR,0,GET,0,SSL handshake failed,genatest
00:43:00,epgservice.ru,SSL_ERR,0,GET,0,SSL handshake failed,genatest
00:43:00,epicplus.online,DNS_ERR,0,GET,0,DNS timeout,genatest
00:43:00,era.center,OK,200,HEAD,449.8,OK,genatest
00:43:00,erascope.com,DNS_ERR,0,GET,0,DNS timeout,genatest
00:43:00,erc-gkh.ru,SSL_ERR,0,GET,0,SSL handshake failed,genatest
00:43:00,erp-api.teachmeskills.ru,DNS_ERR,0,GET,0,DNS timeout,genatest
00:43:00,erp.worksolutions.ru,DNS_ERR,0,GET,0,DNS timeout,genatest
00:43:00,eshse.gitlab.yandexcloud.net,DNS_ERR,0,GET,0,DNS timeout,genatest
00:43:00,esigndoc.gitlab.yandexcloud.net,DNS_ERR,0,GET,0,DNS timeout,genatest
00:43:00,eskarsfs.ru,OK,200,HEAD,225.8,OK,genatest
00:43:00,estate-valuation.tech,DNS_ERR,0,GET,0,DNS timeout,genatest
00:43:00,esteti.pro,DNS_ERR,0,GET,0,DNS timeout,genatest
00:43:00,estimates.space,SSL_ERR,0,GET,0,SSL handshake failed,genatest
00:43:00,esuo.nornik.ru,DNS_ERR,0,GET,0,DNS timeout,genatest
00:43:00,eternal.endlesscirculation.org,DNS_ERR,0,GET,0,DNS timeout,genatest
00:43:00,etxt.ru,DNS_ERR,0,GET,0,DNS timeout,genatest
00:43:00,eurasia-assistance.com,SSL_ERR,0,GET,0,SSL handshake failed,genatest
00:43:00,euro1.novaxbot.site,SSL_ERR,0,GET,0,SSL handshake failed,genatest
00:43:00,even.games.s3.yandex.net,HTTP_ERR,403,GET,241.8,403 Forbidden,genatest
00:43:00,eventico.gitlab.yandexcloud.net,OK,200,HEAD,441.9,OK,genatest
00:43:00,events.astra.ru,DNS_ERR,0,GET,0,DNS timeout,genatest
00:43:00,events.tnlife.ru,DNS_ERR,0,GET,0,DNS timeout,genatest
00:43:00,every.gitlab.yandexcloud.net,OK,200,HEAD,428.6,OK,genatest
00:43:00,every.ru,DNS_ERR,0,GET,0,DNS timeout,genatest
00:43:00,everyverse.org,DNS_ERR,0,GET,0,DNS timeout,genatest
00:43:00,everyx.ru,OK,200,HEAD,440.4,OK,genatest
00:43:00,evgen.gitlab.yandexcloud.net,DNS_ERR,0,GET,0,DNS timeout,genatest
00:43:00,evmonitor.ru,DNS_ERR,0,GET,0,DNS timeout,genatest
00:43:00,evrikid.com,DNS_ERR,0,GET,0,DNS timeout,genatest
00:43:00,evrone.gitlab.yandexcloud.net,DNS_ERR,0,GET,0,DNS timeout,genatest
00:43:00,evy-git.gitlab.yandexcloud.net,DNS_ERR,0,GET,0,DNS timeout,genatest
00:43:00,example.com,RST,0,GET,0,Connection refused,genatest
00:43:00,exchange.safe-poker.io,SSL_ERR,0,GET,0,SSL handshake failed,genatest
00:43:00,exhibitoronlinemanual.com,SSL_ERR,0,GET,0,SSL handshake failed,genatest
00:43:00,exitpoll-dashboard.teleform.ru,DNS_ERR,0,GET,0,DNS timeout,genatest
00:43:00,expf.ru,OK,200,HEAD,568.8,OK,genatest
00:43:00,expomap.ru,DNS_ERR,0,GET,0,DNS timeout,genatest
00:43:00,express-way.jenison.ru,DNS_ERR,0,GET,0,DNS timeout,genatest
00:43:00,express40.demo.corp.express,DNS_ERR,0,GET,0,DNS timeout,genatest
00:43:00,ext.cartat.ru,DNS_ERR,0,GET,0,DNS timeout,genatest
00:43:00,ext.dev.seven.tech,DNS_ERR,0,GET,0,DNS timeout,genatest
00:43:00,ezoterium.ru,OK,200,HEAD,513.0,OK,genatest
00:43:00,f1-predictions.store,DNS_ERR,0,-,0,Domain not resolved,genatest
00:43:00,f1c2.ru,DNS_ERR,0,-,0,Domain not resolved,genatest
00:43:00,f2cdev.gitlab.yandexcloud.net,DNS_ERR,0,GET,0,DNS timeout,genatest
00:43:00,f2f.vin,DNS_ERR,0,GET,0,DNS timeout,genatest
00:43:00,fab-platform.gitlab.yandexcloud.net,OK,200,HEAD,652.6,OK,genatest
00:43:00,facct.ru,DNS_ERR,0,GET,0,DNS timeout,genatest
00:43:00,famrsv.gitlab.yandexcloud.net,DNS_ERR,0,GET,0,DNS timeout,genatest
00:43:00,fanton.gitlab.yandexcloud.net,DNS_ERR,0,GET,0,DNS timeout,genatest
00:43:00,fastestblogs.com,DNS_ERR,0,-,0,Domain not resolved,genatest
00:43:00,fasteventsbot.ru,DNS_ERR,0,GET,0,DNS timeout,genatest
00:43:00,fastomatbot.ru,DNS_ERR,0,GET,0,DNS timeout,genatest
00:43:00,fcow.pro,DNS_ERR,0,GET,0,DNS timeout,genatest
00:43:00,fdgrm.ddnsking.com,DNS_ERR,0,GET,0,DNS timeout,genatest
00:43:00,fgosreestr-test.edsoo.ru,DNS_ERR,0,GET,0,DNS timeout,genatest
00:43:00,files.dgtly.pro,DNS_ERR,0,GET,0,DNS timeout,genatest
00:43:00,files.lab80.io,DNS_ERR,0,GET,0,DNS timeout,genatest
00:43:00,files.perekrestok.ru,OK,200,GET,255.4,OK,genatest
00:43:00,filigannk.gitlab.yandexcloud.net,DNS_ERR,0,GET,0,DNS timeout,genatest
00:43:00,fin-joy.ru,DNS_ERR,0,GET,0,DNS timeout,genatest
00:43:00,financemarker.ru,DNS_ERR,0,GET,0,DNS timeout,genatest
00:43:00,fincomplex.gitlab.yandexcloud.net,DNS_ERR,0,-,0,Domain not resolved,genatest
00:43:00,fincross.ru,OK,200,HEAD,746.0,OK,genatest
00:43:00,findkitty.ru,RST,0,GET,0,Connection refused,genatest
00:43:00,findmypackets.com,SSL_ERR,0,GET,0,SSL handshake failed,genatest
00:43:00,finebi-test.glowbyte.io,DNS_ERR,0,GET,0,DNS timeout,genatest
00:43:00,finsdelka.ru,DNS_ERR,0,GET,0,DNS timeout,genatest
00:43:00,fintech-qa.ru,DNS_ERR,0,GET,0,DNS timeout,genatest
00:43:00,fitbase.io,SSL_ERR,0,GET,0,SSL handshake failed,genatest
00:43:00,fitness-on.ru,DNS_ERR,0,GET,0,DNS timeout,genatest
00:43:00,fitstars.gitlab.yandexcloud.net,OK,200,HEAD,350.1,OK,genatest
00:43:00,fitstars.ru,DNS_ERR,0,GET,0,DNS timeout,genatest
00:43:00,fk.cre8tive.ru,OK,200,HEAD,653.2,OK,genatest
00:43:00,flexiligner.com,DNS_ERR,0,-,0,Domain not resolved,genatest
00:43:00,flexiligner.gitlab.yandexcloud.net,DNS_ERR,0,GET,0,DNS timeout,genatest
00:43:00,flights-api-orders.kupibilet.ru,DNS_ERR,0,GET,0,DNS timeout,genatest
00:43:00,florist.ru,OK,200,HEAD,1138.3,OK,genatest
00:43:00,flowwow-dev.com,SSL_ERR,0,GET,0,SSL handshake failed,genatest
00:43:00,flowwow.com,OK,200,HEAD,286.2,OK,genatest
00:43:00,flowwow.qa,DNS_ERR,0,GET,0,DNS timeout,genatest
00:43:00,flpp.io,SSL_ERR,0,GET,0,SSL handshake failed,genatest
00:43:00,flyaurora.ru,OK,200,HEAD,295.5,OK,genatest
00:43:00,fofi.ru,OK,200,HEAD,252.8,OK,genatest
00:43:00,fondvera.ru,OK,200,HEAD,284.3,OK,genatest
00:43:00,foodband.gitlab.yandexcloud.net,SSL_ERR,0,GET,0,SSL handshake failed,genatest
00:43:00,foodband.ru,DNS_ERR,0,GET,0,DNS timeout,genatest
00:43:00,for.game,DNS_ERR,0,GET,0,DNS timeout,genatest
00:43:00,forma.ru,OK,200,HEAD,426.8,OK,genatest
00:43:00,formatkoda.ru,DNS_ERR,0,GET,0,DNS timeout,genatest
00:43:00,forpeople.gitlab.yandexcloud.net,DNS_ERR,0,GET,0,DNS timeout,genatest
00:43:00,forum.dobro.zone,DNS_ERR,0,GET,0,DNS timeout,genatest
00:43:00,foundry.anesvijay.space,SSL_ERR,0,GET,0,SSL handshake failed,genatest
00:43:00,fox-net.webpower.ru,DNS_ERR,0,GET,0,DNS timeout,genatest
00:43:00,fp.nanokassa.com,DNS_ERR,0,GET,0,DNS timeout,genatest
00:43:00,freetc.net,SSL_ERR,0,GET,0,SSL handshake failed,genatest
00:43:00,fresh-food-bot.ru,SSL_ERR,0,GET,0,SSL handshake failed,genatest
00:43:00,frontera.gitlab.yandexcloud.net,DNS_ERR,0,GET,0,DNS timeout,genatest
00:43:00,fs-git.gitlab.yandexcloud.net,OK,200,HEAD,574.1,OK,genatest
00:43:00,fsk-nord-dev.idacloud.ru,DNS_ERR,0,GET,0,DNS timeout,genatest
00:43:00,fsk.ru,DNS_ERR,0,GET,0,DNS timeout,genatest
00:43:00,fumoniummrsa.mooo.com,DNS_ERR,0,GET,0,DNS timeout,genatest
00:43:00,future-cs.ru,DNS_ERR,0,GET,0,DNS timeout,genatest
00:43:00,future.atom.museum,DNS_ERR,0,GET,0,DNS timeout,genatest
00:43:00,g1t.targets.plus,DNS_ERR,0,GET,0,DNS timeout,genatest
00:43:00,gameserver.ydi.run.place,DNS_ERR,0,GET,0,DNS timeout,genatest
00:43:00,gamesport.com,OK,200,HEAD,1279.0,OK,genatest
00:43:00,gapbrain.gitlab.yandexcloud.net,DNS_ERR,0,GET,0,DNS timeout,genatest
00:43:00,garderobo.ru,OK,200,HEAD,329.4,OK,genatest
00:43:00,gateway.rahmatdev.ru,DNS_ERR,0,GET,0,DNS timeout,genatest
00:43:00,gazetametro.ru,SSL_ERR,0,GET,0,SSL handshake failed,genatest
00:43:00,gazfond-pn.ru,SSL_ERR,0,GET,0,SSL handshake failed,genatest
00:43:00,gbiotlab.gitlab.yandexcloud.net,DNS_ERR,0,GET,0,DNS timeout,genatest
00:43:00,gdemoi.ru,DNS_ERR,0,GET,0,DNS timeout,genatest
00:43:00,gderabota.ru,DNS_ERR,0,GET,0,DNS timeout,genatest
00:43:00,gdztop.book-id.com,RST,0,GET,0,Connection refused,genatest
00:43:00,ge.company,DNS_ERR,0,-,0,Domain not resolved,genatest
00:43:00,genai.korusconsulting.ru,DNS_ERR,0,GET,0,DNS timeout,genatest
00:43:00,generica.su,DNS_ERR,0,GET,0,DNS timeout,genatest
00:43:00,genium24.ru,DNS_ERR,0,GET,0,DNS timeout,genatest
00:43:00,genotek.ru,DNS_ERR,0,GET,0,DNS timeout,genatest
00:43:00,geobasket.net,DNS_ERR,0,-,0,Domain not resolved,genatest
00:43:00,geodema.network,SSL_ERR,0,GET,0,SSL handshake failed,genatest
00:43:00,geoportal40.ru,OK,200,HEAD,406.1,OK,genatest
00:43:00,gervig.gitlab.yandexcloud.net,DNS_ERR,0,GET,0,DNS timeout,genatest
00:43:00,getintra.org,SSL_ERR,0,GET,0,SSL handshake failed,genatest
00:43:00,getmark.ru,SSL_ERR,0,GET,0,SSL handshake failed,genatest
00:43:00,getwola.gitlab.yandexcloud.net,DNS_ERR,0,GET,0,DNS timeout,genatest
00:43:00,getwork.today,SSL_ERR,0,GET,0,SSL handshake failed,genatest
00:43:00,gfnow.gitlab.yandexcloud.net,DNS_ERR,0,GET,0,DNS timeout,genatest
00:43:00,gibus.prodamus.ru,DNS_ERR,0,GET,0,DNS timeout,genatest
00:43:00,gidsi.ru,DNS_ERR,0,-,0,Domain not resolved,genatest
00:43:00,gigoo.ru,DNS_ERR,0,GET,0,DNS timeout,genatest
00:43:00,gismenu.gitlab.yandexcloud.net,SSL_ERR,0,GET,0,SSL handshake failed,genatest
00:43:00,gistrec.cloud,DNS_ERR,0,GET,0,DNS timeout,genatest
00:43:00,git.applicatura.com,DNS_ERR,0,GET,0,DNS timeout,genatest
00:43:00,git.aventica.tech,DNS_ERR,0,GET,0,DNS timeout,genatest
00:43:00,git.baltpoint.com,DNS_ERR,0,GET,0,DNS timeout,genatest
00:43:00,git.besttrip.tech,DNS_ERR,0,GET,0,DNS timeout,genatest
00:43:00,git.cloud.catman.in,DNS_ERR,0,GET,0,DNS timeout,genatest
00:43:00,git.cunet.ru,DNS_ERR,0,GET,0,DNS timeout,genatest
00:43:00,git.designdepot.ru,DNS_ERR,0,GET,0,DNS timeout,genatest
00:43:00,git.g-lab.ru,DNS_ERR,0,GET,0,DNS timeout,genatest
00:43:00,git.hui-mamin.ru,SSL_ERR,0,GET,0,SSL handshake failed,genatest
00:43:00,git.hunter-beauty.ru,DNS_ERR,0,GET,0,DNS timeout,genatest
00:43:00,git.it-aces.com,DNS_ERR,0,GET,0,DNS timeout,genatest
00:43:00,git.itcanfly.org,SSL_ERR,0,GET,0,SSL handshake failed,genatest
00:43:00,git.kreosoft.ru,DNS_ERR,0,GET,0,DNS timeout,genatest
00:43:00,git.likebz.net,RST,0,GET,0,Connection refused,genatest
00:43:00,git.matrixcrm.ru,DNS_ERR,0,GET,0,DNS timeout,genatest
00:43:00,git.metan.tech,DNS_ERR,0,GET,0,DNS timeout,genatest
00:43:00,git.miniapps.kreosoft.space,DNS_ERR,0,GET,0,DNS timeout,genatest
00:43:00,git.neiry-bci.com,DNS_ERR,0,GET,0,DNS timeout,genatest
00:43:00,git.nixys.ru,DNS_ERR,0,GET,0,DNS timeout,genatest
00:43:00,git.osagotop.ru,DNS_ERR,0,GET,0,DNS timeout,genatest
00:43:00,git.ovita.ru,OK,200,HEAD,531.5,OK,genatest
00:43:00,git.plsl.ru,DNS_ERR,0,GET,0,DNS timeout,genatest
00:43:00,git.samolet10d.ru,OK,200,HEAD,411.2,OK,genatest
00:43:00,git.shds.io,DNS_ERR,0,GET,0,DNS timeout,genatest
00:43:00,git.smartbiznes-bitrix.ru,DNS_ERR,0,GET,0,DNS timeout,genatest
00:43:00,git.stsoft.team,DNS_ERR,0,GET,0,DNS timeout,genatest
00:43:00,git.syllabica.com,OK,200,HEAD,262.5,OK,genatest
00:43:00,git.teleteam.dev,DNS_ERR,0,GET,0,DNS timeout,genatest
00:43:00,git.thenewschool.dev,DNS_ERR,0,GET,0,DNS timeout,genatest
00:43:00,git.topcompetence.ru,DNS_ERR,0,GET,0,DNS timeout,genatest
00:43:00,git.transitllc.ru,DNS_ERR,0,GET,0,DNS timeout,genatest
00:43:00,git.tridmedia.ru,DNS_ERR,0,GET,0,DNS timeout,genatest
00:43:00,git.vislab.team,SSL_ERR,0,GET,0,SSL handshake failed,genatest
00:43:00,git.vistgroup.ru,DNS_ERR,0,GET,0,DNS timeout,genatest
00:43:00,gitc0004p.gitlab.yandexcloud.net,DNS_ERR,0,GET,0,DNS timeout,genatest
00:43:00,gitc0005p.gitlab.yandexcloud.net,DNS_ERR,0,GET,0,DNS timeout,genatest
00:43:00,gitdev.gitlab.yandexcloud.net,DNS_ERR,0,GET,0,DNS timeout,genatest
00:43:00,gitea.dingo-studio.com,DNS_ERR,0,GET,0,DNS timeout,genatest
00:43:00,github.com,SSL_ERR,0,GET,0,SSL handshake failed,genatest
00:43:00,gitlab-dev.o-esk.com,DNS_ERR,0,GET,0,DNS timeout,genatest
00:43:00,gitlab-integration-test2.gitlab.yandexcloud.net,OK,200,HEAD,580.5,OK,genatest
00:43:00,gitlab-local.boos.solutions,DNS_ERR,0,GET,0,DNS timeout,genatest
00:43:00,gitlab-me.samigulin.com,DNS_ERR,0,GET,0,DNS timeout,genatest
00:43:00,gitlab-y7r4iuqy1m.sigmasms.ru,DNS_ERR,0,GET,0,DNS timeout,genatest
00:43:00,gitlab-yc.myradius.ru,DNS_ERR,0,GET,0,DNS timeout,genatest
00:43:00,gitlab.1iu.ru,DNS_ERR,0,GET,0,DNS timeout,genatest
00:43:00,gitlab.2gm.ru,DNS_ERR,0,GET,0,DNS timeout,genatest
00:43:00,gitlab.2wheels.tech,DNS_ERR,0,GET,0,DNS timeout,genatest
00:43:00,gitlab.525.su,DNS_ERR,0,GET,0,DNS timeout,genatest
00:43:00,gitlab.arttelit.ru,DNS_ERR,0,GET,0,DNS timeout,genatest
00:43:00,gitlab.asup.uzavr.ru,DNS_ERR,0,GET,0,DNS timeout,genatest
00:43:00,gitlab.atbplugin.tech,DNS_ERR,0,GET,0,DNS timeout,genatest
00:43:00,gitlab.avtoto.ru,DNS_ERR,0,GET,0,DNS timeout,genatest
00:43:00,gitlab.awakeapp.tech,DNS_ERR,0,GET,0,DNS timeout,genatest
00:43:00,gitlab.boombate.com,DNS_ERR,0,GET,0,DNS timeout,genatest
00:43:00,gitlab.botatlasits.ru,DNS_ERR,0,GET,0,DNS timeout,genatest
00:43:00,gitlab.brandquad.io,DNS_ERR,0,GET,0,DNS timeout,genatest
00:43:00,gitlab.bssg.ru,DNS_ERR,0,GET,0,DNS timeout,genatest
00:43:00,gitlab.camix.tech,DNS_ERR,0,GET,0,DNS timeout,genatest
00:43:00,gitlab.chaika.com,DNS_ERR,0,GET,0,DNS timeout,genatest
00:43:00,gitlab.chainlab.ru,DNS_ERR,0,GET,0,DNS timeout,genatest
00:43:00,gitlab.changeonelife.com,DNS_ERR,0,GET,0,DNS timeout,genatest
00:43:00,gitlab.click2.money,DNS_ERR,0,GET,0,DNS timeout,genatest
00:43:00,gitlab.cloud.streletz.ru,DNS_ERR,0,GET,0,DNS timeout,genatest
00:43:00,gitlab.cpp-hse.ru,DNS_ERR,0,GET,0,DNS timeout,genatest
00:43:00,gitlab.cyber-ed.ru,DNS_ERR,0,GET,0,DNS timeout,genatest
00:43:00,gitlab.demlabs.net,DNS_ERR,0,GET,0,DNS timeout,genatest
00:43:00,gitlab.deusops.com,DNS_ERR,0,GET,0,DNS timeout,genatest
00:43:00,gitlab.dev.railog.ru,DNS_ERR,0,GET,0,DNS timeout,genatest
00:43:00,gitlab.digexpcom.ru,DNS_ERR,0,GET,0,DNS timeout,genatest
00:43:00,gitlab.digital-office.dso.lanit-tercom.com,DNS_ERR,0,GET,0,DNS timeout,genatest
00:43:00,gitlab.distant.global,DNS_ERR,0,GET,0,DNS timeout,genatest
00:43:00,gitlab.dvgroup.com,DNS_ERR,0,GET,0,DNS timeout,genatest
00:43:00,gitlab.e-queo.xyz,DNS_ERR,0,GET,0,DNS timeout,genatest
00:43:00,gitlab.emg24.ru,DNS_ERR,0,GET,0,DNS timeout,genatest
00:43:00,gitlab.energocharge.uz,DNS_ERR,0,GET,0,DNS timeout,genatest
00:43:00,gitlab.etd-site.ru,DNS_ERR,0,GET,0,DNS timeout,genatest
00:43:00,gitlab.flipp.space,DNS_ERR,0,GET,0,DNS timeout,genatest
00:43:00,gitlab.foliant.app,DNS_ERR,0,GET,0,DNS timeout,genatest
00:43:00,gitlab.fooddzen.com,DNS_ERR,0,GET,0,DNS timeout,genatest
00:43:00,gitlab.georank.ru,DNS_ERR,0,GET,0,DNS timeout,genatest
00:43:00,gitlab.gitlab.yandexcloud.net,DNS_ERR,0,GET,0,DNS timeout,genatest
00:43:00,gitlab.handswork.pro,DNS_ERR,0,GET,0,DNS timeout,genatest
00:43:00,gitlab.hortal.ru,DNS_ERR,0,GET,0,DNS timeout,genatest
00:43:00,gitlab.hr-rocket.ru,DNS_ERR,0,GET,0,DNS timeout,genatest
00:43:00,gitlab.iitdgroup.ru,DNS_ERR,0,GET,0,DNS timeout,genatest
00:43:00,gitlab.impact-os.ru,DNS_ERR,0,-,0,Domain not resolved,genatest
00:43:00,gitlab.inari24.ru,DNS_ERR,0,GET,0,DNS timeout,genatest
00:43:00,gitlab.invariant-tech.ru,DNS_ERR,0,GET,0,DNS timeout,genatest
00:43:00,gitlab.justmoby.com,DNS_ERR,0,GET,0,DNS timeout,genatest
00:43:00,gitlab.k-ampus.dev,DNS_ERR,0,GET,0,DNS timeout,genatest
00:43:00,gitlab.kitcrm.ru,OK,200,HEAD,620.9,OK,genatest
00:43:00,gitlab.krasbit.studio,DNS_ERR,0,GET,0,DNS timeout,genatest
00:43:00,gitlab.kupriyanov.space,DNS_ERR,0,GET,0,DNS timeout,genatest
00:43:00,gitlab.lms.skillaz.ru,DNS_ERR,0,GET,0,DNS timeout,genatest
00:43:00,gitlab.manytask2.org,DNS_ERR,0,GET,0,DNS timeout,genatest
00:43:00,gitlab.medsi.pro,OK,200,HEAD,535.0,OK,genatest
00:43:00,gitlab.millennium-falcon.team,DNS_ERR,0,GET,0,DNS timeout,genatest
00:43:00,gitlab.miops.dev,DNS_ERR,0,GET,0,DNS timeout,genatest
00:43:00,gitlab.mislab.ru,DNS_ERR,0,GET,0,DNS timeout,genatest
00:43:00,gitlab.myhalsa.ru,DNS_ERR,0,GET,0,DNS timeout,genatest
00:43:00,gitlab.nanimatel.com,DNS_ERR,0,GET,0,DNS timeout,genatest
00:43:00,gitlab.nenaprasno.ru,DNS_ERR,0,GET,0,DNS timeout,genatest
00:43:00,gitlab.netology.ru,DNS_ERR,0,GET,0,DNS timeout,genatest
00:43:00,gitlab.ozon.dev,DNS_ERR,0,GET,0,DNS timeout,genatest
00:43:00,gitlab.p13.space,DNS_ERR,0,GET,0,DNS timeout,genatest
00:43:00,gitlab.pdd.dev,DNS_ERR,0,GET,0,DNS timeout,genatest
00:43:00,gitlab.picasel.agency,DNS_ERR,0,GET,0,DNS timeout,genatest
00:43:00,gitlab.pivtochka.com,DNS_ERR,0,GET,0,DNS timeout,genatest
00:43:00,gitlab.pravo.tech,DNS_ERR,0,GET,0,DNS timeout,genatest
00:43:00,gitlab.prodcontest.com,DNS_ERR,0,GET,0,DNS timeout,genatest
00:43:00,gitlab.qatools.ru,DNS_ERR,0,GET,0,DNS timeout,genatest
00:43:00,gitlab.qugo.ru,DNS_ERR,0,GET,0,DNS timeout,genatest
00:43:00,gitlab.rafinad.tech,DNS_ERR,0,GET,0,DNS timeout,genatest
00:43:00,gitlab.redlab.dev,DNS_ERR,0,-,0,Domain not resolved,genatest
00:43:00,gitlab.rogakopyta.site,DNS_ERR,0,-,0,Domain not resolved,genatest
00:43:00,gitlab.sboard.su,DNS_ERR,0,-,0,Domain not resolved,genatest
00:43:00,gitlab.seller24.ru,DNS_ERR,0,-,0,Domain not resolved,genatest
00:43:00,gitlab.sofi-assistant.com,DNS_ERR,0,-,0,Domain not resolved,genatest
00:43:00,gitlab.technoavia.ru,DNS_ERR,0,-,0,Domain not resolved,genatest
00:43:00,gitlab.telega.in,DNS_ERR,0,GET,0,DNS timeout,genatest
00:43:00,gitlab.tracktice.ru,DNS_ERR,0,-,0,Domain not resolved,genatest
00:43:00,gitlab.tracktrack.ru,DNS_ERR,0,GET,0,DNS timeout,genatest
00:43:00,gitlab.trade2good.com,DNS_ERR,0,GET,0,DNS timeout,genatest
00:43:00,gitlab.triadasite.ru,DNS_ERR,0,GET,0,DNS timeout,genatest
00:43:00,gitlab.tripster.ru,DNS_ERR,0,GET,0,DNS timeout,genatest
00:43:00,gitlab.ugpa.online,DNS_ERR,0,GET,0,DNS timeout,genatest
00:43:00,gitlab.visrobo.com,DNS_ERR,0,GET,0,DNS timeout,genatest
00:43:00,gitlab.vostokgosplan.ru,DNS_ERR,0,GET,0,DNS timeout,genatest
00:43:00,gitlab.vrconcept.net,DNS_ERR,0,GET,0,DNS timeout,genatest
00:43:00,gitlab.vseprosport.ru,DNS_ERR,0,GET,0,DNS timeout,genatest
00:43:00,gitlab.vtbc.net,DNS_ERR,0,GET,0,DNS timeout,genatest
00:43:00,gitlab.wmstudio.su,DNS_ERR,0,GET,0,DNS timeout,genatest
00:43:00,gitlab.ytme.tech,SSL_ERR,0,GET,0,SSL handshake failed,genatest
00:43:00,gitlab.zot.to,DNS_ERR,0,GET,0,DNS timeout,genatest
00:43:00,gitlab2.brl.ru,SSL_ERR,0,GET,0,SSL handshake failed,genatest
00:43:00,gitlabstage.gitlab.yandexcloud.net,OK,200,HEAD,480.4,OK,genatest
00:43:00,gitops.gitlab.yandexcloud.net,DNS_ERR,0,GET,0,DNS timeout,genatest
00:43:00,gitzy.gitlab.yandexcloud.net,DNS_ERR,0,GET,0,DNS timeout,genatest
00:43:00,gktess.ru,OK,200,HEAD,345.8,OK,genatest
00:43:00,gl.5m3.online,DNS_ERR,0,GET,0,DNS timeout,genatest
00:43:00,glavweb.ru,DNS_ERR,0,GET,0,DNS timeout,genatest
00:43:00,glitchtip.chrd.ru,DNS_ERR,0,GET,0,DNS timeout,genatest
00:43:00,glowbyte.gitlab.yandexcloud.net,DNS_ERR,0,GET,0,DNS timeout,genatest
00:43:00,gmfycode.gitlab.yandexcloud.net,OK,200,HEAD,490.2,OK,genatest
00:43:00,gmx.net,SSL_ERR,0,GET,0,SSL handshake failed,genatest
00:43:00,go.verytable.online,DNS_ERR,0,-,0,Domain not resolved,genatest
00:43:00,go.ytsaurus.tech,DNS_ERR,0,GET,0,DNS timeout,genatest
00:43:00,goflats.ru,SSL_ERR,0,GET,0,SSL handshake failed,genatest
00:43:00,golosonline.com,SSL_ERR,0,GET,0,SSL handshake failed,genatest
00:43:00,gopoints.ru,SSL_ERR,0,GET,0,SSL handshake failed,genatest
00:43:00,gpnapp.gitlab.yandexcloud.net,OK,200,HEAD,420.2,OK,genatest
00:43:00,gps-sharing.gitlab.yandexcloud.net,OK,200,HEAD,474.2,OK,genatest
00:43:00,gpvn.ru,DNS_ERR,0,GET,0,DNS timeout,genatest
00:43:00,gradefactor.com,HTTP_ERR,402,HEAD,709.8,402 Payment Required,genatest
00:43:00,grafana.develz.ru,DNS_ERR,0,GET,0,DNS timeout,genatest
00:43:00,grain.sodrugestvo.ru,DNS_ERR,0,GET,0,DNS timeout,genatest
00:43:00,gramax-stage.teus.pro,DNS_ERR,0,GET,0,DNS timeout,genatest
00:43:00,graph.backendtester.ru,DNS_ERR,0,GET,0,DNS timeout,genatest
00:43:00,graylog.common.zc-partners.club,DNS_ERR,0,GET,0,DNS timeout,genatest
00:43:00,graylog.encm.tech,DNS_ERR,0,GET,0,DNS timeout,genatest
00:43:00,green-api.gitlab.yandexcloud.net,DNS_ERR,0,GET,0,DNS timeout,genatest
00:43:00,grosfarm.gitlab.yandexcloud.net,OK,200,HEAD,504.5,OK,genatest
00:43:00,gs1ru.gitlab.yandexcloud.net,DNS_ERR,0,GET,0,DNS timeout,genatest
00:43:00,gtlk.ru,DNS_ERR,0,GET,0,DNS timeout,genatest
00:43:00,gtm.reffection.com,DNS_ERR,0,GET,0,DNS timeout,genatest
00:43:00,guestme.ru,SSL_ERR,0,GET,0,SSL handshake failed,genatest
00:43:00,guestme.space,DNS_ERR,0,GET,0,DNS timeout,genatest
00:43:00,gui.mtstools.ru,DNS_ERR,0,GET,0,DNS timeout,genatest
00:43:00,gulliver.gitlab.yandexcloud.net,DNS_ERR,0,GET,0,DNS timeout,genatest
00:43:00,gulliver.ru,OK,200,HEAD,175.3,OK,genatest
00:43:00,gusmarket.ru,DNS_ERR,0,GET,0,DNS timeout,genatest
00:43:00,ha.xourfamilywebsitex.ru,DNS_ERR,0,GET,0,DNS timeout,genatest
00:43:00,hack-it-in.gitlab.yandexcloud.net,DNS_ERR,0,GET,0,DNS timeout,genatest
00:43:00,hacktionary.ru,DNS_ERR,0,GET,0,DNS timeout,genatest
00:43:00,harknmav.fun,DNS_ERR,0,-,0,Domain not resolved,genatest
00:43:00,hashicorp-releases.yandexcloud.net,DNS_ERR,0,GET,0,DNS timeout,genatest
00:43:00,hb.textyou.online,DNS_ERR,0,GET,0,DNS timeout,genatest
00:43:00,hcp.patentrt.ru,DNS_ERR,0,GET,0,DNS timeout,genatest
00:43:00,hde.lenta.com,DNS_ERR,0,GET,0,DNS timeout,genatest
00:43:00,headframe.io,DNS_ERR,0,GET,0,DNS timeout,genatest
00:43:00,healify-stage.squareboat.info,DNS_ERR,0,-,0,Domain not resolved,genatest
00:43:00,healthlovelife.space,SSL_ERR,0,GET,0,SSL handshake failed,genatest
00:43:00,hercules.quatromatic.com,SSL_ERR,0,GET,0,SSL handshake failed,genatest
00:43:00,hestia.collagen.com.ru,DNS_ERR,0,-,0,Domain not resolved,genatest
00:43:00,hestia.erawadee.ru,DNS_ERR,0,GET,0,DNS timeout,genatest
00:43:00,hihiclub.ru,OK,200,HEAD,636.9,OK,genatest
00:43:00,hijuconn.com,SSL_ERR,0,GET,0,SSL handshake failed,genatest
00:43:00,hilbertteam.gitlab.yandexcloud.net,DNS_ERR,0,GET,0,DNS timeout,genatest
00:43:00,hleb33.gitlab.yandexcloud.net,OK,200,HEAD,516.4,OK,genatest
00:43:00,hobiko.ru,SSL_ERR,0,GET,0,SSL handshake failed,genatest
00:43:00,home.whlr.site,DNS_ERR,0,GET,0,DNS timeout,genatest
00:43:00,homebro-team.org,DNS_ERR,0,GET,0,DNS timeout,genatest
00:43:00,honeyleads.ru,SSL_ERR,0,GET,0,SSL handshake failed,genatest
00:43:00,hostland.ru,SSL_ERR,0,GET,0,SSL handshake failed,genatest
00:43:00,hr-dev.nopaper.ru,DNS_ERR,0,-,0,Domain not resolved,genatest
00:43:00,hse-webinar.hserm.ru,DNS_ERR,0,GET,0,DNS timeout,genatest
00:43:00,hut24.ru,DNS_ERR,0,GET,0,DNS timeout,genatest
00:43:00,hutsharing.com,SSL_ERR,0,GET,0,SSL handshake failed,genatest
00:43:00,i-soft.gitlab.yandexcloud.net,OK,200,HEAD,489.4,OK,genatest
00:43:00,i.rezident.org,DNS_ERR,0,GET,0,DNS timeout,genatest
00:43:00,iac.grotem.com,DNS_ERR,0,GET,0,DNS timeout,genatest
00:43:00,iam-bot.yandexcloud.net,DNS_ERR,0,GET,0,DNS timeout,genatest
00:43:00,ibp.dev.b1-it.ru,DNS_ERR,0,GET,0,DNS timeout,genatest
00:43:00,ibs.ru,SSL_ERR,0,GET,0,SSL handshake failed,genatest
00:43:00,icl-soft.ru,OK,200,HEAD,488.4,OK,genatest
00:43:00,iconn.iconnection.pro,DNS_ERR,0,-,0,Domain not resolved,genatest
00:43:00,icons.presentsimple.ai,DNS_ERR,0,GET,0,DNS timeout,genatest
00:43:00,id-360.ru,OK,200,HEAD,224.0,OK,genatest
00:43:00,idaproject.com,DNS_ERR,0,GET,0,DNS timeout,genatest
00:43:00,idcollection.ru,DNS_ERR,0,GET,0,DNS timeout,genatest
00:43:00,identity.kp.house,HTTP_ERR,404,HEAD,257.2,404 Not Found,genatest
00:43:00,idp.yc.ziiot.ru,DNS_ERR,0,-,0,Domain not resolved,genatest
00:43:00,iek.ru,DNS_ERR,0,GET,0,DNS timeout,genatest
00:43:00,ign.com,SSL_ERR,0,GET,0,SSL handshake failed,genatest
00:43:00,ilkov-mc.kikimr.com,DNS_ERR,0,GET,0,DNS timeout,genatest
00:43:00,image-storage.ru,DNS_ERR,0,GET,0,DNS timeout,genatest
00:43:00,images-backup.readovka-team.com,DNS_ERR,0,-,0,Domain not resolved,genatest
00:43:00,images-cdn.b-monitor.ru,DNS_ERR,0,GET,0,DNS timeout,genatest
00:43:00,images-foodtech.uat.magnit.ru,OK,200,HEAD,430.2,OK,genatest
00:43:00,images.apple.com,SSL_ERR,0,GET,0,SSL handshake failed,genatest
00:43:00,images.filims.do,RST,0,GET,0,Connection refused,genatest
00:43:00,img.monitaproject.ru,DNS_ERR,0,GET,0,DNS timeout,genatest
00:43:00,img.smartcaptcha.yandexcloud.net,DNS_ERR,0,GET,0,DNS timeout,genatest
00:43:00,imgproxy.periodica.press,DNS_ERR,0,GET,0,DNS timeout,genatest
00:43:00,imlight.gitlab.yandexcloud.net,DNS_ERR,0,GET,0,DNS timeout,genatest
00:43:00,impactconference.global,DNS_ERR,0,GET,0,DNS timeout,genatest
00:43:00,impaya.ru,SSL_ERR,0,GET,0,SSL handshake failed,genatest
00:43:00,impworld.net,DNS_ERR,0,GET,0,DNS timeout,genatest
00:43:00,imredi.biz,OK,200,HEAD,346.0,OK,genatest
00:43:00,in-regional.ru,DNS_ERR,0,GET,0,DNS timeout,genatest
00:43:00,inade-test.gitlab.yandexcloud.net,OK,200,HEAD,525.2,OK,genatest
00:43:00,inb.swhos.ru,DNS_ERR,0,-,0,Domain not resolved,genatest
00:43:00,inbios.ru,DNS_ERR,0,GET,0,DNS timeout,genatest
00:43:00,incent.gitlab.yandexcloud.net,DNS_ERR,0,GET,0,DNS timeout,genatest
00:43:00,incident-center.gitlab.yandexcloud.net,OK,200,HEAD,511.1,OK,genatest
00:43:00,indata.gitlab.yandexcloud.net,DNS_ERR,0,GET,0,DNS timeout,genatest
00:43:00,indeepa.com,OK,200,HEAD,381.4,OK,genatest
00:43:00,index.expert,DNS_ERR,0,GET,0,DNS timeout,genatest
00:43:00,indisys.gitlab.yandexcloud.net,OK,200,HEAD,560.0,OK,genatest
00:43:00,industrial.market,OK,200,HEAD,349.2,OK,genatest
00:43:00,inflow-admin.app1yc.obimobi.ru,SSL_ERR,0,GET,0,SSL handshake failed,genatest
00:43:00,informuik.ru,SSL_ERR,0,GET,0,SSL handshake failed,genatest
00:43:00,infowatch.com,SSL_ERR,0,GET,0,SSL handshake failed,genatest
00:43:00,infra.cluster.daymarket.uz,RST,0,GET,0,Connection refused,genatest
00:43:00,infra.moskvichmag.ru,DNS_ERR,0,GET,0,DNS timeout,genatest
00:43:00,infra.myoffice.group,DNS_ERR,0,-,0,Domain not resolved,genatest
00:43:00,infra.seven.tech,DNS_ERR,0,-,0,Domain not resolved,genatest
00:43:00,infra.yc.qlean.ru,DNS_ERR,0,GET,0,DNS timeout,genatest
00:43:00,ingushetia.site,DNS_ERR,0,GET,0,DNS timeout,genatest
00:43:00,inpdp.org,DNS_ERR,0,GET,0,DNS timeout,genatest
00:43:00,inskill.ru,DNS_ERR,0,GET,0,DNS timeout,genatest
00:43:00,insurion.gitlab.yandexcloud.net,DNS_ERR,0,GET,0,DNS timeout,genatest
00:43:00,insurion.org,OK,200,HEAD,282.2,OK,genatest
00:43:00,int.i-analytics.ru,DNS_ERR,0,-,0,Domain not resolved,genatest
00:43:00,int.mastersapp.ru,DNS_ERR,0,-,0,Domain not resolved,genatest
00:43:00,int.radist.online,DNS_ERR,0,-,0,Domain not resolved,genatest
00:43:00,intbusoft.gitlab.yandexcloud.net,DNS_ERR,0,GET,0,DNS timeout,genatest
00:43:00,integrations.ffcdek.ru,DNS_ERR,0,GET,0,DNS timeout,genatest
00:43:00,internal.k8s.antiplagiat-team.ru,DNS_ERR,0,-,0,Domain not resolved,genatest
00:43:00,internal.k8s.antiplagiat.ru,DNS_ERR,0,GET,0,DNS timeout,genatest
00:43:00,interneturok.ru,OK,200,HEAD,542.4,OK,genatest
00:43:00,intra.live-system.ru,DNS_ERR,0,GET,0,DNS timeout,genatest
00:43:00,introvert.gitlab.yandexcloud.net,DNS_ERR,0,GET,0,DNS timeout,genatest
00:43:00,investpalata.ru,DNS_ERR,0,GET,0,DNS timeout,genatest
00:43:00,invisibledoors-loft.ru,SSL_ERR,0,GET,0,SSL handshake failed,genatest
00:43:00,invoiceholding.ru,DNS_ERR,0,-,0,Domain not resolved,genatest
00:43:00,iot-minio.evo.haieronline.ru,DNS_ERR,0,GET,0,DNS timeout,genatest
00:43:00,ip.tn.ru,DNS_ERR,0,GET,0,DNS timeout,genatest
00:43:00,ip3.x840.ru,DNS_ERR,0,GET,0,DNS timeout,genatest
00:43:00,ipdrom.ru,DNS_ERR,0,GET,0,DNS timeout,genatest
00:43:00,ippon.gitlab.yandexcloud.net,DNS_ERR,0,GET,0,DNS timeout,genatest
00:43:00,iqos-chat-api-porting-back.dev.cleverbots.ru,DNS_ERR,0,GET,0,DNS timeout,genatest
00:43:00,iqos-cleangame.test.cleverbots.ru,DNS_ERR,0,GET,0,DNS timeout,genatest
00:43:00,iqos-fastapi-esb.cleverbots.ru,DNS_ERR,0,GET,0,DNS timeout,genatest
00:43:00,iqos-hcc-tracker-web-bot.cleverbots.ru,DNS_ERR,0,GET,0,DNS timeout,genatest
00:43:00,iqos-phone-encrypt.cleverbots.ru,DNS_ERR,0,GET,0,DNS timeout,genatest
00:43:00,iqos-qclub-w5-task-edu.cleverbots.ru,DNS_ERR,0,GET,0,DNS timeout,genatest
00:43:00,iqos-second-chance-survey.cleverbots.ru,DNS_ERR,0,GET,0,DNS timeout,genatest
00:43:00,iqos-tg-miniapp.cleverbots.ru,DNS_ERR,0,GET,0,DNS timeout,genatest
00:43:00,iqos-tg-miniapp.test.cleverbots.ru,DNS_ERR,0,GET,0,DNS timeout,genatest
00:43:00,iqsolution.gitlab.yandexcloud.net,DNS_ERR,0,GET,0,DNS timeout,genatest
00:43:00,iqsolution.ru,OK,200,HEAD,229.0,OK,genatest
00:43:00,irb.rest,DNS_ERR,0,GET,0,DNS timeout,genatest
00:43:00,ishopper.pochtabank.ru,DNS_ERR,0,GET,0,DNS timeout,genatest
00:43:00,isocarb.ru,DNS_ERR,0,GET,0,DNS timeout,genatest
00:43:00,isp.bridge-service.ru,DNS_ERR,0,GET,0,DNS timeout,genatest
00:43:00,issues.enjoydev.io,DNS_ERR,0,GET,0,DNS timeout,genatest
00:43:00,istok.org.ru,DNS_ERR,0,-,0,Domain not resolved,genatest
00:43:00,it-one.ru,HTTP_ERR,503,HEAD,737.8,503 Service Temporarily Unavailable,genatest
00:43:00,it-platform.gitlab.yandexcloud.net,DNS_ERR,0,GET,0,DNS timeout,genatest
00:43:00,it.zdanevich.name,DNS_ERR,0,GET,0,DNS timeout,genatest
00:43:00,itab.pro,DNS_ERR,0,GET,0,DNS timeout,genatest
00:43:00,italon-rum.ru,DNS_ERR,0,GET,0,DNS timeout,genatest
00:43:00,italonceramica.ru,DNS_ERR,0,GET,0,DNS timeout,genatest
00:43:00,itexpertiza24.ru,SSL_ERR,0,GET,0,SSL handshake failed,genatest
00:43:00,itg.top,DNS_ERR,0,-,0,Domain not resolved,genatest
00:43:00,itigris.gitlab.yandexcloud.net,OK,200,HEAD,454.1,OK,genatest
00:43:00,itmo-uir.gitlab.yandexcloud.net,DNS_ERR,0,GET,0,DNS timeout,genatest
00:43:00,itmo.dev,SSL_ERR,0,GET,0,SSL handshake failed,genatest
00:43:00,itpub.su,DNS_ERR,0,-,0,Domain not resolved,genatest
00:43:00,itr-sim.ru,DNS_ERR,0,GET,0,DNS timeout,genatest
00:43:00,itresult.gitlab.yandexcloud.net,DNS_ERR,0,GET,0,DNS timeout,genatest
00:43:00,its.planumdemo.biplanum.ru,DNS_ERR,0,GET,0,DNS timeout,genatest
00:43:00,itsm365.com,OK,200,HEAD,239.1,OK,genatest
00:43:00,ivanosipov.ru,DNS_ERR,0,GET,0,DNS timeout,genatest
00:43:00,ivideon.com,DNS_ERR,0,GET,0,DNS timeout,genatest
00:43:00,ixbtcom.gitlab.yandexcloud.net,DNS_ERR,0,GET,0,DNS timeout,genatest
00:43:00,izi.travel,DNS_ERR,0,GET,0,DNS timeout,genatest
00:43:00,jira.nigmasoft.ru,DNS_ERR,0,GET,0,DNS timeout,genatest
00:43:00,jitsi-meet.oskelly.tech,DNS_ERR,0,GET,0,DNS timeout,genatest
00:43:00,jitsi.100let-jitsi.ru,DNS_ERR,0,GET,0,DNS timeout,genatest
00:43:00,jitsi.etudevs.ru,DNS_ERR,0,GET,0,DNS timeout,genatest
00:43:00,jitsi.iconsoft.ru,DNS_ERR,0,GET,0,DNS timeout,genatest
00:43:00,jitsi.lisgames.ru,DNS_ERR,0,GET,0,DNS timeout,genatest
00:43:00,jitsi.tech,DNS_ERR,0,GET,0,DNS timeout,genatest
00:43:00,jivosite.com,OK,200,HEAD,554.4,OK,genatest
00:43:00,jivosite.com,OK,200,HEAD,554.4,OK,jivo
00:43:00,jnj-bot.cleverbots.ru,DNS_ERR,0,GET,0,DNS timeout,genatest
00:43:00,jnj-bot.test.cleverbots.ru,DNS_ERR,0,GET,0,DNS timeout,genatest
00:43:00,job-reply.damir.space,DNS_ERR,0,-,0,Domain not resolved,genatest
00:43:00,job.mts.ru,DNS_ERR,0,GET,0,DNS timeout,genatest
00:43:00,joom.ru,SSL_ERR,0,GET,0,SSL handshake failed,genatest
00:43:00,joshuan.ru,DNS_ERR,0,GET,0,DNS timeout,genatest
00:43:00,jtf-code.ru,DNS_ERR,0,GET,0,DNS timeout,genatest
00:43:00,juicyscore.net,DNS_ERR,0,GET,0,DNS timeout,genatest
00:43:00,jupyter.culab.ru,SSL_ERR,0,GET,0,SSL handshake failed,genatest
00:43:00,juvio.com,RST,0,GET,0,Connection refused,genatest
00:43:00,k-c-twa-back.test.cleverbots.ru,DNS_ERR,0,GET,0,DNS timeout,genatest
00:43:00,k8scourse.gitlab.yandexcloud.net,DNS_ERR,0,GET,0,DNS timeout,genatest
00:43:00,kafka.cloud-preprod.yandex.net,DNS_ERR,0,GET,0,DNS timeout,genatest
00:43:00,kamotive.ru,DNS_ERR,0,GET,0,DNS timeout,genatest
00:43:00,kariesy.net,DNS_ERR,0,GET,0,DNS timeout,genatest
00:43:00,karma.tnstage.ru,DNS_ERR,0,GET,0,DNS timeout,genatest
00:43:00,kartoshka-v-kosmose.ru,DNS_ERR,0,GET,0,DNS timeout,genatest
00:43:00,kasli.service.saturn2.ru,DNS_ERR,0,GET,0,DNS timeout,genatest
00:43:00,kasperskyprize.ru,DNS_ERR,0,GET,0,DNS timeout,genatest
00:43:00,kata.academy,OK,200,HEAD,385.5,OK,genatest
00:43:00,katren-infra.gitlab.yandexcloud.net,DNS_ERR,0,GET,0,DNS timeout,genatest
00:43:00,kb.kkbank.ru,DNS_ERR,0,GET,0,DNS timeout,genatest
00:43:00,kelin2025.me,RST,405,GET,1256.1,Connection refused,genatest
00:43:00,kellyhr.elg-sys.com,DNS_ERR,0,GET,0,DNS timeout,genatest
00:43:00,kestore.test.rjotanm.org,DNS_ERR,0,-,0,Domain not resolved,genatest
00:43:00,keycloak.demo.corp.express,DNS_ERR,0,GET,0,DNS timeout,genatest
00:43:00,keycloak.rigil.everytag.ru,DNS_ERR,0,GET,0,DNS timeout,genatest
00:43:00,keycloak.shevnv.ru,DNS_ERR,0,GET,0,DNS timeout,genatest
00:43:00,keycloak.stackland.cloud,DNS_ERR,0,GET,0,DNS timeout,genatest
00:43:00,keycloak.testing.datalens.ru,DNS_ERR,0,GET,0,DNS timeout,genatest
00:43:00,kidsbe.gitlab.yandexcloud.net,DNS_ERR,0,GET,0,DNS timeout,genatest
00:43:00,kidsup.io,SSL_ERR,0,GET,0,SSL handshake failed,genatest
00:43:00,kik.cat,DNS_ERR,0,GET,0,DNS timeout,genatest
00:43:00,kikimor.ru,DNS_ERR,0,GET,0,DNS timeout,genatest
00:43:00,kirilloval.gitlab.yandexcloud.net,DNS_ERR,0,GET,0,DNS timeout,genatest
00:43:00,kittygram-baichurin.ddns.net,DNS_ERR,0,-,0,Domain not resolved,genatest
00:43:00,kk.bank,UNKNOWN,0,GET,0,TimeoutError,genatest
00:43:00,klbrtest.ru,RST,0,GET,0,Connection refused,genatest
00:43:00,klik-live.com,DNS_ERR,0,GET,0,DNS timeout,genatest
00:43:00,kms.api.cloud.yandex.net,DNS_ERR,0,GET,0,DNS timeout,genatest
00:43:00,kms.yandex,DNS_ERR,0,GET,0,DNS timeout,genatest
00:43:00,knd2.mileskanda.ru,DNS_ERR,0,GET,0,DNS timeout,genatest
00:43:00,knockinredirect.ru,DNS_ERR,0,GET,0,DNS timeout,genatest
00:43:00,knrtu-kai.gitlab.yandexcloud.net,DNS_ERR,0,GET,0,DNS timeout,genatest
00:43:00,kod.ru,DNS_ERR,0,GET,0,DNS timeout,genatest
00:43:00,kodington.gitlab.yandexcloud.net,OK,200,HEAD,458.0,OK,genatest
00:43:00,kolobox.gitlab.yandexcloud.net,OK,200,HEAD,476.3,OK,genatest
00:43:00,komdiagnostika.gitlab.yandexcloud.net,DNS_ERR,0,GET,0,DNS timeout,genatest
00:43:00,komeohomeai.ru,DNS_ERR,0,GET,0,DNS timeout,genatest
00:43:00,kongs-production.ru,DNS_ERR,0,GET,0,DNS timeout,genatest
00:43:00,konnektu.ai,OK,200,HEAD,515.6,OK,genatest
00:43:00,konsol.gitlab.yandexcloud.net,DNS_ERR,0,GET,0,DNS timeout,genatest
00:43:00,konstanta.gitlab.yandexcloud.net,DNS_ERR,0,GET,0,DNS timeout,genatest
00:43:00,kontenta.net,SSL_ERR,0,GET,0,SSL handshake failed,genatest
00:43:00,kot.cloud,OK,200,HEAD,573.0,OK,genatest
00:43:00,kotonru.omnitron.akinon.net,DNS_ERR,0,GET,0,DNS timeout,genatest
00:43:00,kovea.ru,SSL_ERR,0,GET,0,SSL handshake failed,genatest
00:43:00,kp.ru,DNS_ERR,0,GET,0,DNS timeout,genatest
00:43:00,kpb.lt,SSL_ERR,0,GET,0,SSL handshake failed,genatest
00:43:00,kpl.mybeam.pro,DNS_ERR,0,GET,0,DNS timeout,genatest
00:43:00,krayt.moscow,DNS_ERR,0,GET,0,DNS timeout,genatest
00:43:00,krayt.online,DNS_ERR,0,-,0,Domain not resolved,genatest
00:43:00,krianse.com,DNS_ERR,0,GET,0,DNS timeout,genatest
00:43:00,kristall-shop.ru,OK,200,HEAD,664.6,OK,genatest
00:43:00,krus-group.ru,OK,200,HEAD,300.3,OK,genatest
00:43:00,ksk66.ru,SSL_ERR,0,GET,0,SSL handshake failed,genatest
00:43:00,kssrf.ru,DNS_ERR,0,GET,0,DNS timeout,genatest
00:43:00,kube07.yc.ziiot.ru,DNS_ERR,0,-,0,Domain not resolved,genatest
00:43:00,kukitech.gitlab.yandexcloud.net,DNS_ERR,0,GET,0,DNS timeout,genatest
00:43:00,kupibilet.ru,SSL_ERR,0,GET,0,SSL handshake failed,genatest
00:43:00,kupiosago.ru,DNS_ERR,0,GET,0,DNS timeout,genatest
00:43:00,kuzkoalexey.gitlab.yandexcloud.net,DNS_ERR,0,GET,0,DNS timeout,genatest
00:43:00,l.bas.gg,DNS_ERR,0,GET,0,DNS timeout,genatest
00:43:00,lab-industries.ru,SSL_ERR,0,GET,0,SSL handshake failed,genatest
00:43:00,lab.lyre.band,DNS_ERR,0,GET,0,DNS timeout,genatest
00:43:00,laboratory.gitlab.yandexcloud.net,DNS_ERR,0,GET,0,DNS timeout,genatest
00:43:00,lakshmi-shop.ru,DNS_ERR,0,GET,0,DNS timeout,genatest
00:43:00,landing.meta-pets.ru,DNS_ERR,0,-,0,Domain not resolved,genatest
00:43:00,landmark.gitlab.yandexcloud.net,DNS_ERR,0,GET,0,DNS timeout,genatest
00:43:00,langry.ru,DNS_ERR,0,-,0,Domain not resolved,genatest
00:43:00,larashved.ru,DNS_ERR,0,GET,0,DNS timeout,genatest
00:43:00,larux.ru,DNS_ERR,0,GET,0,DNS timeout,genatest
00:43:00,lb.4lapy.accelera.ai,DNS_ERR,0,GET,0,DNS timeout,genatest
00:43:00,lb.sprush.rocks,DNS_ERR,0,GET,0,DNS timeout,genatest
00:43:00,lbpro.hopto.org,DNS_ERR,0,GET,0,DNS timeout,genatest
00:43:00,ldap-2.ibc.team,DNS_ERR,0,GET,0,DNS timeout,genatest
00:43:00,leansmartproject.ru,DNS_ERR,0,GET,0,DNS timeout,genatest
00:43:00,learn.search.bags.aero,DNS_ERR,0,GET,0,DNS timeout,genatest
00:43:00,lecta.gitlab.yandexcloud.net,OK,200,HEAD,360.2,OK,genatest
00:43:00,leenr.me,DNS_ERR,0,GET,0,DNS timeout,genatest
00:43:00,legacy.qlean.ru,DNS_ERR,0,-,0,Domain not resolved,genatest
00:43:00,legalhelp.gitlab.yandexcloud.net,DNS_ERR,0,GET,0,DNS timeout,genatest
00:43:00,legenda-dom.ru,DNS_ERR,0,GET,0,DNS timeout,genatest
00:43:00,lenta.gitlab.yandexcloud.net,DNS_ERR,0,GET,0,DNS timeout,genatest
00:43:00,lentabd.ru,DNS_ERR,0,-,0,Domain not resolved,genatest
00:43:00,leolab.gitlab.yandexcloud.net,DNS_ERR,0,GET,0,DNS timeout,genatest
00:43:00,lesk.ru,DNS_ERR,0,GET,0,DNS timeout,genatest
00:43:00,leto.mosmolodezh.ru,DNS_ERR,0,GET,0,DNS timeout,genatest
00:43:00,levonik.ru,DNS_ERR,0,GET,0,DNS timeout,genatest
00:43:00,lex.aiplay.ru,DNS_ERR,0,GET,0,DNS timeout,genatest
00:43:00,lg-p500.ru,DNS_ERR,0,GET,0,DNS timeout,genatest
00:43:00,libicraft.ru,OK,200,HEAD,866.3,OK,genatest
00:43:00,licard.dev.nigmasoft.tech,DNS_ERR,0,GET,0,DNS timeout,genatest
00:43:00,license.agisoft.com,DNS_ERR,0,GET,0,DNS timeout,genatest
00:43:00,life-bill.com,SSL_ERR,0,GET,0,SSL handshake failed,genatest
00:43:00,lifegit.gitlab.yandexcloud.net,OK,200,HEAD,422.6,OK,genatest
00:43:00,likecentre.ru,DNS_ERR,0,GET,0,DNS timeout,genatest
00:43:00,liketoo.app,RST,0,GET,0,Connection refused,genatest
00:43:00,lime-shine.com,DNS_ERR,0,-,0,Domain not resolved,genatest
00:43:00,line-ticket.ru,DNS_ERR,0,GET,0,DNS timeout,genatest
00:43:00,link.azurdrive.ru,DNS_ERR,0,GET,0,DNS timeout,genatest
00:43:00,linux.test.case.one,DNS_ERR,0,-,0,Domain not resolved,genatest
00:43:00,linzaline.ru,DNS_ERR,0,GET,0,DNS timeout,genatest
00:43:00,liox-server.mooo.com,DNS_ERR,0,GET,0,DNS timeout,genatest
00:43:00,live.whitelistbot.online,HTTP_ERR,404,HEAD,671.5,404 Not Found,genatest
00:43:00,lizaalert.gitlab.yandexcloud.net,OK,200,HEAD,424.5,OK,genatest
00:43:00,lk.aesa.tech,DNS_ERR,0,GET,0,DNS timeout,genatest
00:43:00,lk.aishka.ai,DNS_ERR,0,GET,0,DNS timeout,genatest
00:43:00,lk.kcsz.ru,DNS_ERR,0,GET,0,DNS timeout,genatest
00:43:00,lk.reffection.com,DNS_ERR,0,GET,0,DNS timeout,genatest
00:43:00,lk.sinara-finance.ru,DNS_ERR,0,GET,0,DNS timeout,genatest
00:43:00,lk.v2.zakakt.ru,DNS_ERR,0,GET,0,DNS timeout,genatest
00:43:00,lk.x5.ru,OK,200,HEAD,1263.2,OK,genatest
00:43:00,lkpartner.astralinux.ru,DNS_ERR,0,GET,0,DNS timeout,genatest
00:43:00,llk-dev.gitlab.yandexcloud.net,OK,200,HEAD,414.6,OK,genatest
00:43:00,lms.reso.ru,DNS_ERR,0,GET,0,DNS timeout,genatest
00:43:00,loadtest.dev.urent.ru,HTTP_ERR,404,HEAD,290.2,404 Not Found,genatest
00:43:00,loadtesting-ci.gitlab.yandexcloud.net,OK,200,HEAD,557.7,OK,genatest
00:43:00,local.divnayaiva.com,DNS_ERR,0,-,0,Domain not resolved,genatest
00:43:00,loginovaspb.ru,DNS_ERR,0,GET,0,DNS timeout,genatest
00:43:00,lookaround.gitlab.yandexcloud.net,OK,200,HEAD,476.0,OK,genatest
00:43:00,lookastic.ru,RST,0,GET,0,Connection refused,genatest
00:43:00,losos.meaw.me,DNS_ERR,0,GET,0,DNS timeout,genatest
00:43:00,lottabyte.bssg.ru,DNS_ERR,0,GET,0,DNS timeout,genatest
00:43:00,lounges.softtravel.tech,DNS_ERR,0,-,0,Domain not resolved,genatest
00:43:00,lovepirogova.ru,DNS_ERR,0,GET,0,DNS timeout,genatest
00:43:00,loyalty.miniappa.io,DNS_ERR,0,GET,0,DNS timeout,genatest
00:43:00,loyalty.spiks.ru,DNS_ERR,0,-,0,Domain not resolved,genatest
00:43:00,lr.ru,SSL_ERR,0,GET,0,SSL handshake failed,genatest
00:43:00,lsr-ivr.gitlab.yandexcloud.net,SSL_ERR,0,GET,0,SSL handshake failed,genatest
00:43:00,ltdgit.gitlab.yandexcloud.net,OK,200,HEAD,497.2,OK,genatest
00:43:00,lth.pro,OK,200,HEAD,600.6,OK,genatest
00:43:00,lubitel-pro.ru,DNS_ERR,0,GET,0,DNS timeout,genatest
00:43:00,luisb2b.gitlab.yandexcloud.net,DNS_ERR,0,GET,0,DNS timeout,genatest
00:43:00,lumen.yandex.ru,OK,200,HEAD,429.0,OK,genatest
00:43:00,luna-park.gitlab.yandexcloud.net,DNS_ERR,0,GET,0,DNS timeout,genatest
00:43:00,lunavl.ru,DNS_ERR,0,GET,0,DNS timeout,genatest
00:43:00,lunn.ru,DNS_ERR,0,GET,0,DNS timeout,genatest
00:43:00,lworks.gitlab.yandexcloud.net,DNS_ERR,0,GET,0,DNS timeout,genatest
00:43:00,m.catonmoon.com,DNS_ERR,0,GET,0,DNS timeout,genatest
00:43:00,m.ios-scanner.bond,DNS_ERR,0,GET,0,DNS timeout,genatest
00:43:00,m2.ru,OK,200,HEAD,344.8,OK,genatest
00:43:00,magicplayers.gitlab.yandexcloud.net,OK,200,HEAD,464.5,OK,genatest
00:43:00,magistrali.tech,DNS_ERR,0,-,0,Domain not resolved,genatest
00:43:00,magnit.ru,HTTP_ERR,503,HEAD,787.6,503 Service Temporarily Unavailable,genatest
00:43:00,magnit.ru,HTTP_ERR,503,HEAD,787.6,503 Service Temporarily Unavailable,magnit
00:43:00,mail.aeroscript.ru,DNS_ERR,0,GET,0,DNS timeout,genatest
00:43:00,mail.alt-gnome.ru,DNS_ERR,0,GET,0,DNS timeout,genatest
00:43:00,mail.berezka-tender.ru,DNS_ERR,0,-,0,Domain not resolved,genatest
00:43:00,mail.century21.ru,DNS_ERR,0,-,0,Domain not resolved,genatest
00:43:00,mail.denumhub.info,DNS_ERR,0,-,0,Domain not resolved,genatest
00:43:00,mail.dev.railog.ru,DNS_ERR,0,-,0,Domain not resolved,genatest
00:43:00,mail.dewiar-ai.com,DNS_ERR,0,-,0,Domain not resolved,genatest
00:43:00,mail.diam-dth.ru,DNS_ERR,0,-,0,Domain not resolved,genatest
00:43:00,mail.ditartech.ru,DNS_ERR,0,GET,0,DNS timeout,genatest
00:43:00,mail.elmkc.ru,DNS_ERR,0,GET,0,DNS timeout,genatest
00:43:00,mail.fdcom.ru,DNS_ERR,0,GET,0,DNS timeout,genatest
00:43:00,mail.hopco.ru,DNS_ERR,0,GET,0,DNS timeout,genatest
00:43:00,mail.hr-alabuga.ru,SSL_ERR,0,GET,0,SSL handshake failed,genatest
00:43:00,mail.hrp.su,DNS_ERR,0,GET,0,DNS timeout,genatest
00:43:00,mail.justdiamonds.org,DNS_ERR,0,GET,0,DNS timeout,genatest
00:43:00,mail.ligandpro.ru,DNS_ERR,0,-,0,Domain not resolved,genatest
00:43:00,mail.luntry.ru,DNS_ERR,0,GET,0,DNS timeout,genatest
00:43:00,mail.mirforward.ru,DNS_ERR,0,GET,0,DNS timeout,genatest
00:43:00,mail.nanokassa.ru,DNS_ERR,0,GET,0,DNS timeout,genatest
00:43:00,mail.photostoria.ru,DNS_ERR,0,GET,0,DNS timeout,genatest
00:43:00,mail.pltest.ru,DNS_ERR,0,GET,0,DNS timeout,genatest
00:43:00,mail.prime-hill.com,DNS_ERR,0,GET,0,DNS timeout,genatest
00:43:00,mail.rashnikov.name,DNS_ERR,0,GET,0,DNS timeout,genatest
00:43:00,mail.ru,OK,200,HEAD,263.1,OK,genatest
00:43:00,mail.ru,OK,200,HEAD,263.1,OK,mailru
00:43:00,mail.rxt.su,DNS_ERR,0,GET,0,DNS timeout,genatest
00:43:00,mail.sellerfox.ru,DNS_ERR,0,GET,0,DNS timeout,genatest
00:43:00,mail.torgi223.com,DNS_ERR,0,GET,0,DNS timeout,genatest
00:43:00,mail.umschool.dev,DNS_ERR,0,GET,0,DNS timeout,genatest
00:43:00,mail.yavlenie.pro,DNS_ERR,0,GET,0,DNS timeout,genatest
00:43:00,mail.zenden.ru,DNS_ERR,0,GET,0,DNS timeout,genatest
00:43:00,mail.zuy.name,DNS_ERR,0,GET,0,DNS timeout,genatest
00:43:00,mailbox.skrepa.org,DNS_ERR,0,GET,0,DNS timeout,genatest
00:43:00,mailcow.lectarium.ru,DNS_ERR,0,GET,0,DNS timeout,genatest
00:43:00,mailcow.mbk.ru,DNS_ERR,0,GET,0,DNS timeout,genatest
00:43:00,mailer.flexiligner.com,DNS_ERR,0,GET,0,DNS timeout,genatest
00:43:00,mailu.mpk-int.ru,DNS_ERR,0,GET,0,DNS timeout,genatest
00:43:00,main.apptg.online,SSL_ERR,0,GET,0,SSL handshake failed,genatest
00:43:00,main.yadirector.nanoseo.ru,DNS_ERR,0,GET,0,DNS timeout,genatest
00:43:00,major-travel.ru,DNS_ERR,0,GET,0,DNS timeout,genatest
00:43:00,manage-easy.gitlab.yandexcloud.net,DNS_ERR,0,GET,0,DNS timeout,genatest
00:43:00,manalyticshub.com,DNS_ERR,0,GET,0,DNS timeout,genatest
00:43:00,market.7sites.ru,DNS_ERR,0,GET,0,DNS timeout,genatest
00:43:00,market.iservice19.ru,DNS_ERR,0,-,0,Domain not resolved,genatest
00:43:00,marketplace2025.cleverbots.ru,DNS_ERR,0,GET,0,DNS timeout,genatest
00:43:00,marketrun.ru,DNS_ERR,0,GET,0,DNS timeout,genatest
00:43:00,marmalato.ru,OK,200,HEAD,518.8,OK,genatest
00:43:00,mars-llc.ru,SSL_ERR,0,GET,0,SSL handshake failed,genatest
00:43:00,marus.care,DNS_ERR,0,GET,0,DNS timeout,genatest
00:43:00,marvellounge.ru,DNS_ERR,0,GET,0,DNS timeout,genatest
00:43:00,marzban.l3ye8em9c286j7jdr.org,DNS_ERR,0,GET,0,DNS timeout,genatest
00:43:00,masiot.gitlab.yandexcloud.net,OK,200,HEAD,501.3,OK,genatest
00:43:00,matchy.ru,DNS_ERR,0,GET,0,DNS timeout,genatest
00:43:00,matrixcrm.ru,DNS_ERR,0,GET,0,DNS timeout,genatest
00:43:00,matt.worksolutions.ru,DNS_ERR,0,GET,0,DNS timeout,genatest
00:43:00,mattermost.lipt-soft.ru,DNS_ERR,0,GET,0,DNS timeout,genatest
00:43:00,max.cleverbots.ru,DNS_ERR,0,GET,0,DNS timeout,genatest
00:43:00,max.ru,OK,200,HEAD,369.1,OK,genatest
00:43:00,max.ru,OK,200,HEAD,369.1,OK,max
00:43:00,may24.gitlab.yandexcloud.net,DNS_ERR,0,GET,0,DNS timeout,genatest
00:43:00,maybrands.gitlab.yandexcloud.net,DNS_ERR,0,GET,0,DNS timeout,genatest
00:43:00,maypro.gitlab.yandexcloud.net,DNS_ERR,0,GET,0,DNS timeout,genatest
00:43:00,maz-moskvich.ru,DNS_ERR,0,-,0,Domain not resolved,genatest
00:43:00,maze.broker,DNS_ERR,0,GET,0,DNS timeout,genatest
00:43:00,mbxl.ru,DNS_ERR,0,GET,0,DNS timeout,genatest
00:43:00,mc.chuvash.pw,DNS_ERR,0,GET,0,DNS timeout,genatest
00:43:00,mcp.dzolotov.pro,DNS_ERR,0,GET,0,DNS timeout,genatest
00:43:00,mcsgroup.gitlab.yandexcloud.net,DNS_ERR,0,GET,0,DNS timeout,genatest
00:43:00,mdl-tech.gitlab.yandexcloud.net,DNS_ERR,0,GET,0,DNS timeout,genatest
00:43:00,mdm.corp.geoscan.ru,DNS_ERR,0,GET,0,DNS timeout,genatest
00:43:00,mdm.sklad.itlabs.io,DNS_ERR,0,GET,0,DNS timeout,genatest
00:43:00,mdms.tech,DNS_ERR,0,-,0,Domain not resolved,genatest
00:43:00,meb-online.ru,DNS_ERR,0,GET,0,DNS timeout,genatest
00:43:00,mechta.nastenka.ru,DNS_ERR,0,GET,0,DNS timeout,genatest
00:43:00,med-data.online,DNS_ERR,0,GET,0,DNS timeout,genatest
00:43:00,med.studio,DNS_ERR,0,GET,0,DNS timeout,genatest
00:43:00,media-stream-01.trafix.online,DNS_ERR,0,GET,0,DNS timeout,genatest
00:43:00,medialogia.com,OK,200,HEAD,748.5,OK,genatest
00:43:00,mediator.cloud,OK,200,HEAD,1662.4,OK,genatest
00:43:00,medpg.gitlab.yandexcloud.net,DNS_ERR,0,GET,0,DNS timeout,genatest
00:43:00,medsi.pro,SSL_ERR,0,GET,0,SSL handshake failed,genatest
00:43:00,medsupprt.ru,DNS_ERR,0,GET,0,DNS timeout,genatest
00:43:00,meet.geotec.ru,DNS_ERR,0,GET,0,DNS timeout,genatest
00:43:00,meet.kodit.dev,DNS_ERR,0,GET,0,DNS timeout,genatest
00:43:00,meet.topfactor.pro,DNS_ERR,0,GET,0,DNS timeout,genatest
00:43:00,meeting.logopedam.com,DNS_ERR,0,GET,0,DNS timeout,genatest
00:43:00,meetpnt.com,OK,200,HEAD,446.0,OK,genatest
00:43:00,meinl-professional.omicrondev.ru,DNS_ERR,0,GET,0,DNS timeout,genatest
00:43:00,meket.gitlab.yandexcloud.net,OK,200,HEAD,463.0,OK,genatest
00:43:00,melzdrav.ru,SSL_ERR,0,GET,0,SSL handshake failed,genatest
00:43:00,membrtest.vucagames.com,DNS_ERR,0,GET,0,DNS timeout,genatest
00:43:00,mep-test2.rubetek.com,DNS_ERR,0,GET,0,DNS timeout,genatest
00:43:00,mercadium.digital,DNS_ERR,0,GET,0,DNS timeout,genatest
00:43:00,merz-crm.ru,DNS_ERR,0,GET,0,DNS timeout,genatest
00:43:00,merzcity.ru,DNS_ERR,0,GET,0,DNS timeout,genatest
00:43:00,metabase.yc.timepad.tech,DNS_ERR,0,GET,0,DNS timeout,genatest
00:43:00,metabase.zifirium.com,DNS_ERR,0,GET,0,DNS timeout,genatest
00:43:00,metacpa.tech,DNS_ERR,0,-,0,Domain not resolved,genatest
00:43:00,metalplatform.ru,SSL_ERR,0,GET,0,SSL handshake failed,genatest
00:43:00,metalx.gitlab.yandexcloud.net,DNS_ERR,0,GET,0,DNS timeout,genatest
00:43:00,mfkt.1bitvrn36.ru,DNS_ERR,0,GET,0,DNS timeout,genatest
00:43:00,mfoprod.gitlab.yandexcloud.net,DNS_ERR,0,GET,0,DNS timeout,genatest
00:43:00,mh.com.ru,SSL_ERR,0,GET,0,SSL handshake failed,genatest
00:43:00,mimir.idacloud.ru,DNS_ERR,0,GET,0,DNS timeout,genatest
00:43:00,mindbox.gitlab.yandexcloud.net,DNS_ERR,0,GET,0,DNS timeout,genatest
00:43:00,mindbox.ru,SSL_ERR,0,GET,0,SSL handshake failed,genatest
00:43:00,mindbox.ru,SSL_ERR,0,GET,0,SSL handshake failed,mindbox
00:43:00,mindlog.app,DNS_ERR,0,GET,0,DNS timeout,genatest
00:43:00,mipt-hsse.gitlab.yandexcloud.net,DNS_ERR,0,GET,0,DNS timeout,genatest
00:43:00,mirea.gitlab.yandexcloud.net,DNS_ERR,0,GET,0,DNS timeout,genatest
00:43:00,mirigr.org,OK,200,HEAD,411.2,OK,genatest
00:43:00,miuz-dev.gitlab.yandexcloud.net,DNS_ERR,0,GET,0,DNS timeout,genatest
00:43:00,mixbs.org,RST,0,GET,0,Connection refused,genatest
00:43:00,mkk-platinum.gitlab.yandexcloud.net,DNS_ERR,0,GET,0,DNS timeout,genatest
00:43:00,mks.stophomelessness.ru,DNS_ERR,0,GET,0,DNS timeout,genatest
00:43:00,ml-contest.gitlab.yandexcloud.net,OK,200,HEAD,377.4,OK,genatest
00:43:00,mlg.ru,OK,200,HEAD,1606.1,OK,genatest
00:43:00,mlkitchen.ai,DNS_ERR,0,-,0,Domain not resolved,genatest
00:43:00,mm.cunet.ru,DNS_ERR,0,GET,0,DNS timeout,genatest
00:43:00,mm.data-light.ru,DNS_ERR,0,GET,0,DNS timeout,genatest
00:43:00,mm.kaiten-dev.ru,DNS_ERR,0,GET,0,DNS timeout,genatest
00:43:00,mm.rdclr.ru,DNS_ERR,0,GET,0,DNS timeout,genatest
00:43:00,mm.tetrika.school,DNS_ERR,0,GET,0,DNS timeout,genatest
00:43:00,mmc.help,OK,200,HEAD,319.8,OK,genatest
00:43:00,mnogo-mesta.com,DNS_ERR,0,GET,0,DNS timeout,genatest
00:43:00,mobile-api.yandex-test.local,DNS_ERR,0,-,0,Domain not resolved,genatest
00:43:00,mobile.inwhite-medical.ru,DNS_ERR,0,GET,0,DNS timeout,genatest
00:43:00,moderation.rombex.travel,DNS_ERR,0,GET,0,DNS timeout,genatest
00:43:00,moneytun.ru,DNS_ERR,0,GET,0,DNS timeout,genatest
00:43:00,moneza.ru,DNS_ERR,0,GET,0,DNS timeout,genatest
00:43:00,monitor.berem-i-stroim.ru,DNS_ERR,0,GET,0,DNS timeout,genatest
00:43:00,monitoring.api.cloud-preprod.yandex.net,DNS_ERR,0,GET,0,DNS timeout,genatest
00:43:00,more-skazok.ru,DNS_ERR,0,GET,0,DNS timeout,genatest
00:43:00,moscow.lickmyballs.ru,DNS_ERR,0,GET,0,DNS timeout,genatest
00:43:00,mosdate.com,DNS_ERR,0,GET,0,DNS timeout,genatest
00:43:00,moskvichmag.ru,DNS_ERR,0,GET,0,DNS timeout,genatest
00:43:00,move-pro.ru,DNS_ERR,0,GET,0,DNS timeout,genatest
00:43:00,movemove.gitlab.yandexcloud.net,DNS_ERR,0,GET,0,DNS timeout,genatest
00:43:00,moydom.gitlab.yandexcloud.net,DNS_ERR,0,GET,0,DNS timeout,genatest
00:43:00,mpboost.pro,DNS_ERR,0,GET,0,DNS timeout,genatest
00:43:00,mpros.ru,DNS_ERR,0,GET,0,DNS timeout,genatest
00:43:00,mqtt.iot.iek.group,DNS_ERR,0,GET,0,DNS timeout,genatest
00:43:00,mrska.ru,DNS_ERR,0,GET,0,DNS timeout,genatest
00:43:00,mrvsys.gitlab.yandexcloud.net,DNS_ERR,0,GET,0,DNS timeout,genatest
00:43:00,ms1.etm-system.com,DNS_ERR,0,GET,0,DNS timeout,genatest
00:43:00,msbdocs.ru,DNS_ERR,0,GET,0,DNS timeout,genatest
00:43:00,msk.ayaguard.su,DNS_ERR,0,GET,0,DNS timeout,genatest
00:43:00,msk.zabel.in,DNS_ERR,0,GET,0,DNS timeout,genatest
00:43:00,mstrade.gitlab.yandexcloud.net,OK,200,HEAD,543.1,OK,genatest
00:43:00,mtm.mazda.ru,DNS_ERR,0,GET,0,DNS timeout,genatest
00:43:00,mtscdn.ru,SSL_ERR,0,GET,0,SSL handshake failed,genatest
00:43:00,multicat.spix.ru,DNS_ERR,0,GET,0,DNS timeout,genatest
00:43:00,multon-partners.gitlab.yandexcloud.net,OK,200,HEAD,534.3,OK,genatest
00:43:00,musbooking.gitlab.yandexcloud.net,DNS_ERR,0,GET,0,DNS timeout,genatest
00:43:00,music.kion.ru,DNS_ERR,0,GET,0,DNS timeout,genatest
00:43:00,music.yandex.ru,OK,200,HEAD,500.9,OK,genatest
00:43:00,musson.gitlab.yandexcloud.net,DNS_ERR,0,GET,0,DNS timeout,genatest
00:43:00,mustproxy.tech,DNS_ERR,0,GET,0,DNS timeout,genatest
00:43:00,mv.legal,DNS_ERR,0,GET,0,DNS timeout,genatest
00:43:00,mvk.com,HTTP_ERR,418,HEAD,742.2,418 ,genatest
00:43:00,mvk.com,HTTP_ERR,418,HEAD,742.2,418 ,vk
00:43:00,mvmc.ru,DNS_ERR,0,GET,0,DNS timeout,genatest
00:43:00,mx.gkhmail.ru,DNS_ERR,0,GET,0,DNS timeout,genatest
00:43:00,mx.stellarman.ru,DNS_ERR,0,GET,0,DNS timeout,genatest
00:43:00,my-coach.gitlab.yandexcloud.net,DNS_ERR,0,GET,0,DNS timeout,genatest
00:43:00,my-shop.ru,OK,200,HEAD,619.0,OK,genatest
00:43:00,my.b-apteka.ru,DNS_ERR,0,GET,0,DNS timeout,genatest
00:43:00,my.choys.app,DNS_ERR,0,GET,0,DNS timeout,genatest
00:43:00,my.hrstats.ru,DNS_ERR,0,GET,0,DNS timeout,genatest
00:43:00,my5.pir.company,DNS_ERR,0,GET,0,DNS timeout,genatest
00:43:00,myataofficial.com,DNS_ERR,0,GET,0,DNS timeout,genatest
00:43:00,mybusiness2.ru,DNS_ERR,0,GET,0,DNS timeout,genatest
00:43:00,mycityair.ru,DNS_ERR,0,GET,0,DNS timeout,genatest
00:43:00,mydom.top,DNS_ERR,0,-,0,Domain not resolved,genatest
00:43:00,myflexa.ru,DNS_ERR,0,GET,0,DNS timeout,genatest
00:43:00,mygig.gitlab.yandexcloud.net,DNS_ERR,0,GET,0,DNS timeout,genatest
00:43:00,mysafeonline.com,DNS_ERR,0,GET,0,DNS timeout,genatest
00:43:00,mysanta.ru,OK,200,HEAD,500.2,OK,genatest
00:43:00,mytechhelp.ru,SSL_ERR,0,GET,0,SSL handshake failed,genatest
00:43:00,mywodo.ru,DNS_ERR,0,GET,0,DNS timeout,genatest
00:43:00,n.sni-347-default.ssl.fastly.net,SSL_ERR,0,GET,0,SSL handshake failed,genatest
00:43:00,n8n.621245910.xyz,DNS_ERR,0,GET,0,DNS timeout,genatest
00:43:00,n8n.appscience.ru,DNS_ERR,0,GET,0,DNS timeout,genatest
00:43:00,n8n.next-sales.ru,DNS_ERR,0,GET,0,DNS timeout,genatest
00:43:00,n8n.ourstup.ru,DNS_ERR,0,GET,0,DNS timeout,genatest
00:43:00,n8n.upperhead.ru,DNS_ERR,0,-,0,Domain not resolved,genatest
00:43:00,naimix.info,OK,200,HEAD,637.3,OK,genatest
00:43:00,nalog24.pro,DNS_ERR,0,GET,0,DNS timeout,genatest
00:43:00,nalogka.gitlab.yandexcloud.net,OK,200,HEAD,411.0,OK,genatest
00:43:00,nativerent.gitlab.yandexcloud.net,DNS_ERR,0,GET,0,DNS timeout,genatest
00:43:00,natlogger.com,DNS_ERR,0,GET,0,DNS timeout,genatest
00:43:00,navdobra.ru,DNS_ERR,0,GET,0,DNS timeout,genatest
00:43:00,nbi.mk-dev.ru,DNS_ERR,0,GET,0,DNS timeout,genatest
00:43:00,nch-gitlab.gitlab.yandexcloud.net,DNS_ERR,0,GET,0,DNS timeout,genatest
00:43:00,nedorogokupili.ru,DNS_ERR,0,GET,0,DNS timeout,genatest
00:43:00,nedra.digital,OK,200,HEAD,332.5,OK,genatest
00:43:00,neiro.gitlab.yandexcloud.net,OK,200,HEAD,440.2,OK,genatest
00:43:00,neluckoff.me,DNS_ERR,0,GET,0,DNS timeout,genatest
00:43:00,neo4j.1bitai.ru,DNS_ERR,0,-,0,Domain not resolved,genatest
00:43:00,neobit.ru,DNS_ERR,0,GET,0,DNS timeout,genatest
00:43:00,neocom-geoservice.gitlab.yandexcloud.net,DNS_ERR,0,GET,0,DNS timeout,genatest
00:43:00,neomentorapi.neuralhub.ru,DNS_ERR,0,GET,0,DNS timeout,genatest
00:43:00,netlify.app,RST,0,GET,0,Connection refused,genatest
00:43:00,netmonet.co,OK,200,HEAD,425.8,OK,genatest
00:43:00,netology.ru,DNS_ERR,0,GET,0,DNS timeout,genatest
00:43:00,neuropine.com,DNS_ERR,0,GET,0,DNS timeout,genatest
00:43:00,new-prod-api.easyroutes.ru,DNS_ERR,0,GET,0,DNS timeout,genatest
00:43:00,new-scherbinka.ru,DNS_ERR,0,GET,0,DNS timeout,genatest
00:43:00,new.dev5.4lapy.tech,DNS_ERR,0,GET,0,DNS timeout,genatest
00:43:00,newbank.ru,DNS_ERR,0,GET,0,DNS timeout,genatest
00:43:00,nexus-intern.itmo.dev,DNS_ERR,0,GET,0,DNS timeout,genatest
00:43:00,nexus.dev.lipt-soft.ru,DNS_ERR,0,GET,0,DNS timeout,genatest
00:43:00,nftune.store,DNS_ERR,0,GET,0,DNS timeout,genatest
00:43:00,ngignet.gitlab.yandexcloud.net,DNS_ERR,0,GET,0,DNS timeout,genatest
00:43:00,nhco.tech,DNS_ERR,0,GET,0,DNS timeout,genatest
00:43:00,nikoov.ru,SSL_ERR,0,GET,0,SSL handshake failed,genatest
00:43:00,nisli.io,SSL_ERR,0,GET,0,SSL handshake failed,genatest
00:43:00,nl36.tcpdoor.net,SSL_ERR,0,GET,0,SSL handshake failed,genatest
00:43:00,nld03.nodes.rocketnetwork.ru,SSL_ERR,0,GET,0,SSL handshake failed,genatest
00:43:00,nmn-test.fondvera.ru,DNS_ERR,0,GET,0,DNS timeout,genatest
00:43:00,nmn.fondvera.ru,DNS_ERR,0,GET,0,DNS timeout,genatest
00:43:00,nn-hosting.gitlab.yandexcloud.net,OK,200,HEAD,456.9,OK,genatest
00:43:00,noc-academy.gitlab.yandexcloud.net,DNS_ERR,0,GET,0,DNS timeout,genatest
00:43:00,nodezuzechtv1.my.to,DNS_ERR,0,-,0,Domain not resolved,genatest
00:43:00,nodul.ru,OK,200,HEAD,686.6,OK,genatest
00:43:00,nonfiction.film,DNS_ERR,0,GET,0,DNS timeout,genatest
00:43:00,novie-materiali.online,RST,0,GET,0,Connection refused,genatest
00:43:00,nowapp.me,OK,200,HEAD,1134.6,OK,genatest
00:43:00,nowicare.gitlab.yandexcloud.net,DNS_ERR,0,GET,0,DNS timeout,genatest
00:43:00,npvez.site,SSL_ERR,0,GET,0,SSL handshake failed,genatest
00:43:00,nrggit.gitlab.yandexcloud.net,DNS_ERR,0,GET,0,DNS timeout,genatest
00:43:00,nspk.ru,DNS_ERR,0,GET,0,DNS timeout,genatest
00:43:00,ntcpb.i-sdo.ru,DNS_ERR,0,GET,0,DNS timeout,genatest
00:43:00,nti.fund,SSL_ERR,0,GET,0,SSL handshake failed,genatest
00:43:00,ntlg.tech,DNS_ERR,0,GET,0,DNS timeout,genatest
00:43:00,nuclear-games.ru,DNS_ERR,0,-,0,Domain not resolved,genatest
00:43:00,nullvector.site,SSL_ERR,0,GET,0,SSL handshake failed,genatest
00:43:00,nutrimania.online,DNS_ERR,0,GET,0,DNS timeout,genatest
00:43:00,nvrk-ansgar.gitlab.yandexcloud.net,DNS_ERR,0,GET,0,DNS timeout,genatest
00:43:00,o2bot.msmsmu.oldschool.agency,DNS_ERR,0,GET,0,DNS timeout,genatest
00:43:00,obed.ru,SSL_ERR,0,GET,0,SSL handshake failed,genatest
00:43:00,ocenka.gitlab.yandexcloud.net,OK,200,HEAD,373.9,OK,genatest
00:43:00,octoturn.gitlab.yandexcloud.net,DNS_ERR,0,GET,0,DNS timeout,genatest
00:43:00,oemgroup.team,DNS_ERR,0,-,0,Domain not resolved,genatest
00:43:00,offer.first-bit.ru,DNS_ERR,0,GET,0,DNS timeout,genatest
00:43:00,office.atman.pro,DNS_ERR,0,GET,0,DNS timeout,genatest
00:43:00,office.hospicefund.ru,DNS_ERR,0,GET,0,DNS timeout,genatest
00:43:00,oitheatre.ru,SSL_ERR,0,GET,0,SSL handshake failed,genatest
00:43:00,ok.ru,OK,200,HEAD,253.2,,genatest
00:43:00,ok.ru,OK,200,HEAD,253.2,,ok
00:43:00,okolo.market,OK,200,HEAD,810.3,OK,genatest
00:43:00,old.open-dive.ru,DNS_ERR,0,GET,0,DNS timeout,genatest
00:43:00,olimp.dev,DNS_ERR,0,-,0,Domain not resolved,genatest
00:43:00,ololo.gitlab.yandexcloud.net,DNS_ERR,0,GET,0,DNS timeout,genatest
00:43:00,olymp.itmo.ru,DNS_ERR,0,GET,0,DNS timeout,genatest
00:43:00,omega-r.ru,OK,200,HEAD,268.1,OK,genatest
00:43:00,omnifin.gitlab.yandexcloud.net,DNS_ERR,0,GET,0,DNS timeout,genatest
00:43:00,on-premise.stage.liis.dev,DNS_ERR,0,GET,0,DNS timeout,genatest
00:43:00,oneanddouble.nerve.ai,DNS_ERR,0,-,0,Domain not resolved,genatest
00:43:00,oneliya.ru,SSL_ERR,0,GET,0,SSL handshake failed,genatest
00:43:00,onetakeda.ru,DNS_ERR,0,-,0,Domain not resolved,genatest
00:43:00,online-gymnasium.gitlab.yandexcloud.net,DNS_ERR,0,GET,0,DNS timeout,genatest
00:43:00,online.eng-lab.ru,DNS_ERR,0,GET,0,DNS timeout,genatest
00:43:00,onlineschool-1.ru,OK,200,HEAD,687.3,OK,genatest
00:43:00,onlinestore.svezagroup.ru,DNS_ERR,0,-,0,Domain not resolved,genatest
00:43:00,oop.edsoo.ru,DNS_ERR,0,GET,0,DNS timeout,genatest
00:43:00,opd.spbstu.ru,DNS_ERR,0,GET,0,DNS timeout,genatest
00:43:00,openide.ru,OK,200,HEAD,378.6,OK,genatest
00:43:00,oplatazakaza.com,DNS_ERR,0,-,0,Domain not resolved,genatest
00:43:00,oreshek1.com,DNS_ERR,0,GET,0,DNS timeout,genatest
00:43:00,ortorent.gitlab.yandexcloud.net,OK,200,HEAD,505.7,OK,genatest
00:43:00,osahp.gitlab.yandexcloud.net,DNS_ERR,0,GET,0,DNS timeout,genatest
00:43:00,osher.gitlab.yandexcloud.net,DNS_ERR,0,GET,0,DNS timeout,genatest
00:43:00,oskelly.ru,SSL_ERR,0,GET,0,SSL handshake failed,genatest
00:43:00,otm-r.com,OK,200,HEAD,622.8,OK,genatest
00:43:00,otusteam.gitlab.yandexcloud.net,OK,200,HEAD,498.5,OK,genatest
00:43:00,outplan-dev.devtestprod.ru,DNS_ERR,0,GET,0,DNS timeout,genatest
00:43:00,ovoi.ru,SSL_ERR,0,GET,0,SSL handshake failed,genatest
00:43:00,ovpn.likebg.ru,DNS_ERR,0,GET,0,DNS timeout,genatest
00:43:00,ovtrojan.gitlab.yandexcloud.net,OK,200,HEAD,537.2,OK,genatest
00:43:00,oxford-russia.online,DNS_ERR,0,GET,0,DNS timeout,genatest
00:43:00,ozon-h.gitlab.yandexcloud.net,OK,200,HEAD,500.3,OK,genatest
00:43:00,ozon.ru,HTTP_ERR,403,GET,272.2,403 Forbidden,genatest
00:43:00,ozon.ru,HTTP_ERR,403,GET,272.2,403 Forbidden,ozon
00:43:00,p.s-cash.ru,DNS_ERR,0,GET,0,DNS timeout,genatest
00:43:00,pages.a2seven.com,DNS_ERR,0,GET,0,DNS timeout,genatest
00:43:00,panda.su,OK,200,HEAD,413.0,OK,genatest
00:43:00,panel.220vk.net,SSL_ERR,0,GET,0,SSL handshake failed,genatest
00:43:00,panel.a101.idacloud.ru,DNS_ERR,0,GET,0,DNS timeout,genatest
00:43:00,panel.datsan.info,DNS_ERR,0,GET,0,DNS timeout,genatest
00:43:00,panel.maxanion.ru,DNS_ERR,0,-,0,Domain not resolved,genatest
00:43:00,panel.tisland.travel,DNS_ERR,0,GET,0,DNS timeout,genatest
00:43:00,papajohns.ru,DNS_ERR,0,GET,0,DNS timeout,genatest
00:43:00,par-car.ru,SSL_ERR,0,GET,0,SSL handshake failed,genatest
00:43:00,park.dev-domain1.com,DNS_ERR,0,GET,0,DNS timeout,genatest
00:43:00,partners.kaspersky.com,OK,200,HEAD,1469.4,OK,genatest
00:43:00,parts39.ru,DNS_ERR,0,GET,0,DNS timeout,genatest
00:43:00,partstmr.toyota-motor.ru,SSL_ERR,0,GET,0,SSL handshake failed,genatest
00:43:00,pass24online.ru,SSL_ERR,0,GET,0,SSL handshake failed,genatest
00:43:00,pay.brandmonitor.ru,DNS_ERR,0,GET,0,DNS timeout,genatest
00:43:00,pay.distant.msu.ru,DNS_ERR,0,GET,0,DNS timeout,genatest
00:43:00,pay2b.gitlab.yandexcloud.net,DNS_ERR,0,GET,0,DNS timeout,genatest
00:43:00,payquity.io,DNS_ERR,0,GET,0,DNS timeout,genatest
00:43:00,payselection.com,OK,200,HEAD,343.9,OK,genatest
00:43:00,pbf.test.cleverbots.ru,DNS_ERR,0,GET,0,DNS timeout,genatest
00:43:00,pcmoney.gitlab.yandexcloud.net,DNS_ERR,0,GET,0,DNS timeout,genatest
00:43:00,pegast.ru,SSL_ERR,0,GET,0,SSL handshake failed,genatest
00:43:00,pegasys.travel,DNS_ERR,0,-,0,Domain not resolved,genatest
00:43:00,pepper.ru,DNS_ERR,0,GET,0,DNS timeout,genatest
00:43:00,perekrestok.ru,OK,200,HEAD,822.5,OK,genatest
00:43:00,perekrestok.ru,OK,200,HEAD,822.5,OK,x5
00:43:00,perestroika.serveminecraft.net,OK,200,HEAD,573.2,OK,genatest
00:43:00,petvitals.online,DNS_ERR,0,GET,0,DNS timeout,genatest
00:43:00,pg-odyssey.tech,DNS_ERR,0,GET,0,DNS timeout,genatest
00:43:00,pgu.ru,DNS_ERR,0,GET,0,DNS timeout,genatest
00:43:00,pharm-place.com,DNS_ERR,0,-,0,Domain not resolved,genatest
00:43:00,pharm-sklad.ru,HTTP_ERR,404,HEAD,184.3,404 Not Found,genatest
00:43:00,pharma.cvizi.com,DNS_ERR,0,GET,0,DNS timeout,genatest
00:43:00,phoneregion.ru,DNS_ERR,0,GET,0,DNS timeout,genatest
00:43:00,phoroshavin.ru,SSL_ERR,0,GET,0,SSL handshake failed,genatest
00:43:00,photodetstvo.ru,DNS_ERR,0,GET,0,DNS timeout,genatest
00:43:00,pik.masspers.com,DNS_ERR,0,GET,0,DNS timeout,genatest
00:43:00,pingcicada8.ru,DNS_ERR,0,GET,0,DNS timeout,genatest
00:43:00,pixel.gitlab.yandexcloud.net,DNS_ERR,0,GET,0,DNS timeout,genatest
00:43:00,pixelport.ru,DNS_ERR,0,GET,0,DNS timeout,genatest
00:43:00,pixstorm.ru,OK,200,HEAD,556.5,OK,genatest
00:43:00,pl.amenscraft.ru,SSL_ERR,0,GET,0,SSL handshake failed,genatest
00:43:00,planiqum.gitlab.yandexcloud.net,OK,200,HEAD,427.7,OK,genatest
00:43:00,plarin.ru,DNS_ERR,0,GET,0,DNS timeout,genatest
00:43:00,plastic-surgeon-grigoriak.ru,DNS_ERR,0,GET,0,DNS timeout,genatest
00:43:00,plat.podeli.ru,DNS_ERR,0,-,0,Domain not resolved,genatest
00:43:00,platferrum.ru,SSL_ERR,0,GET,0,SSL handshake failed,genatest
00:43:00,platform-dev.stratpro.hse.ru,DNS_ERR,0,GET,0,DNS timeout,genatest
00:43:00,platform-easycode.ru,DNS_ERR,0,GET,0,DNS timeout,genatest
00:43:00,platform.gitlab.yandexcloud.net,SSL_ERR,0,GET,0,SSL handshake failed,genatest
00:43:00,playhalsa.ru,DNS_ERR,0,GET,0,DNS timeout,genatest
00:43:00,playhockeybot.ru,DNS_ERR,0,GET,0,DNS timeout,genatest
00:43:00,pluto.agava.space,SSL_ERR,0,GET,0,SSL handshake failed,genatest
00:43:00,pma.nashipredki.com,DNS_ERR,0,GET,0,DNS timeout,genatest
00:43:00,pmiconv-test.cleverbots.ru,DNS_ERR,0,GET,0,DNS timeout,genatest
00:43:00,pmiconv.cleverbots.ru,DNS_ERR,0,GET,0,DNS timeout,genatest
00:43:00,pmm.itgen.ru,DNS_ERR,0,GET,0,DNS timeout,genatest
00:43:00,po.home.jehy.ru,DNS_ERR,0,GET,0,DNS timeout,genatest
00:43:00,podari.fondvera.ru,DNS_ERR,0,GET,0,DNS timeout,genatest
00:43:00,podeli.ru,OK,200,HEAD,240.4,OK,genatest
00:43:00,podval-arma.ru,DNS_ERR,0,GET,0,DNS timeout,genatest
00:43:00,pointreg.ru,SSL_ERR,0,GET,0,SSL handshake failed,genatest
00:43:00,poizon.gitlab.yandexcloud.net,DNS_ERR,0,GET,0,DNS timeout,genatest
00:43:00,poleinvest.ru,DNS_ERR,0,-,0,Domain not resolved,genatest
00:43:00,pornhub.com,SSL_ERR,0,GET,0,SSL handshake failed,genatest
00:43:00,portainer.flowsell.me,DNS_ERR,0,GET,0,DNS timeout,genatest
00:43:00,portal.certification.kz,DNS_ERR,0,GET,0,DNS timeout,genatest
00:43:00,portal.wone-it.ru,DNS_ERR,0,GET,0,DNS timeout,genatest
00:43:00,portaldev.gitlab.yandexcloud.net,DNS_ERR,0,GET,0,DNS timeout,genatest
00:43:00,pos-credit.ru,SSL_ERR,0,GET,0,SSL handshake failed,genatest
00:43:00,postal.doctis.tech,DNS_ERR,0,GET,0,DNS timeout,genatest
00:43:00,postbox.cloud-preprod.yandex.net,DNS_ERR,0,GET,0,DNS timeout,genatest
00:43:00,potok.io,SSL_ERR,0,GET,0,SSL handshake failed,genatest
00:43:00,ppc.world,OK,200,HEAD,461.6,OK,genatest
00:43:00,ppr.gitlab.yandexcloud.net,DNS_ERR,0,GET,0,DNS timeout,genatest
00:43:00,practicum.gitlab.yandexcloud.net,OK,200,HEAD,425.1,OK,genatest
00:43:00,pravo.tech,DNS_ERR,0,GET,0,DNS timeout,genatest
00:43:00,prdex.ru,DNS_ERR,0,GET,0,DNS timeout,genatest
00:43:00,predicto-git.gitlab.yandexcloud.net,OK,200,HEAD,534.3,OK,genatest
00:43:00,premiya2023.ru.tv,DNS_ERR,0,GET,0,DNS timeout,genatest
00:43:00,preprod-new.zastupnik.help,HTTP_ERR,404,HEAD,320.2,404 Not Found,genatest
00:43:00,preprod.sanitarn.omicrondev.ru,DNS_ERR,0,GET,0,DNS timeout,genatest
00:43:00,preprod.stankoff.ru,DNS_ERR,0,GET,0,DNS timeout,genatest
00:43:00,preproduction.cm.expert,DNS_ERR,0,GET,0,DNS timeout,genatest
00:43:00,prev.mlm.demoalfa.ru,DNS_ERR,0,GET,0,DNS timeout,genatest
00:43:00,pricing.b1.ru,DNS_ERR,0,GET,0,DNS timeout,genatest
00:43:00,prim9001.3cx.me,DNS_ERR,0,-,0,Domain not resolved,genatest
00:43:00,primakov.gitlab.yandexcloud.net,OK,200,HEAD,480.6,OK,genatest
00:43:00,primary.yc.kp.house,DNS_ERR,0,GET,0,DNS timeout,genatest
00:43:00,prime-hill.gitlab.yandexcloud.net,DNS_ERR,0,GET,0,DNS timeout,genatest
00:43:00,pritunl.bigdataschool.ru,DNS_ERR,0,GET,0,DNS timeout,genatest
00:43:00,pritunl.payment.oemgroup.ru,DNS_ERR,0,GET,0,DNS timeout,genatest
00:43:00,pritunl.platformeco.tech,DNS_ERR,0,-,0,Domain not resolved,genatest
00:43:00,privacyline.gitlab.yandexcloud.net,DNS_ERR,0,GET,0,DNS timeout,genatest
00:43:00,private.gitlab.yandexcloud.net,DNS_ERR,0,GET,0,DNS timeout,genatest
00:43:00,privatebing.glants.xyz,DNS_ERR,0,GET,0,DNS timeout,genatest
00:43:00,pro.gcprint.ru,DNS_ERR,0,GET,0,DNS timeout,genatest
00:43:00,pro.spbstu.ru,DNS_ERR,0,GET,0,DNS timeout,genatest
00:43:00,processing.solar-start.ru,DNS_ERR,0,GET,0,DNS timeout,genatest
00:43:00,proctoredu.gitlab.yandexcloud.net,DNS_ERR,0,GET,0,DNS timeout,genatest
00:43:00,prod.alb.botman.pro,DNS_ERR,0,-,0,Domain not resolved,genatest
00:43:00,prod.pfsense.services.itmo.dev,DNS_ERR,0,GET,0,DNS timeout,genatest
00:43:00,prod.progovori.ru,DNS_ERR,0,GET,0,DNS timeout,genatest
00:43:00,prod.upmetric.ru,DNS_ERR,0,GET,0,DNS timeout,genatest
00:43:00,prod1c.ddo.bit-erp.ru,HTTP_ERR,404,HEAD,579.2,404 Not Found,genatest
00:43:00,prodavai.gitlab.yandexcloud.net,SSL_ERR,0,GET,0,SSL handshake failed,genatest
00:43:00,prodf1.simples.work,DNS_ERR,0,GET,0,DNS timeout,genatest
00:43:00,prodik.org,DNS_ERR,0,-,0,Domain not resolved,genatest
00:43:00,prodlive-gs-ruce1v2.pubg.io,DNS_ERR,0,-,0,Domain not resolved,genatest
00:43:00,production-info.ru,DNS_ERR,0,GET,0,DNS timeout,genatest
00:43:00,produman.org,SSL_ERR,0,GET,0,SSL handshake failed,genatest
00:43:00,proektor.one,DNS_ERR,0,GET,0,DNS timeout,genatest
00:43:00,profile.staging.eplus.dnadev.ru,DNS_ERR,0,GET,0,DNS timeout,genatest
00:43:00,profinansy.gitlab.yandexcloud.net,DNS_ERR,0,GET,0,DNS timeout,genatest
00:43:00,progressfood.ru,DNS_ERR,0,GET,0,DNS timeout,genatest
00:43:00,progressme.ru,DNS_ERR,0,GET,0,DNS timeout,genatest
00:43:00,prohuahin.com,DNS_ERR,0,GET,0,DNS timeout,genatest
00:43:00,project-testing.ru,SSL_ERR,0,GET,0,SSL handshake failed,genatest
00:43:00,project-x.gitlab.yandexcloud.net,DNS_ERR,0,GET,0,DNS timeout,genatest
00:43:00,project.1bitvrn36.ru,DNS_ERR,0,GET,0,DNS timeout,genatest
00:43:00,projectmate.ru,SSL_ERR,0,GET,0,SSL handshake failed,genatest
00:43:00,prokosmos.ru,DNS_ERR,0,GET,0,DNS timeout,genatest
00:43:00,prokrep.ru,DNS_ERR,0,GET,0,DNS timeout,genatest
00:43:00,prometheus.cx,SSL_ERR,0,GET,0,SSL handshake failed,genatest
00:43:00,prometheus.websky.tech,SSL_ERR,0,GET,0,SSL handshake failed,genatest
00:43:00,promo.predreysdoc.com,DNS_ERR,0,GET,0,DNS timeout,genatest
00:43:00,proposal.axon-it.group,DNS_ERR,0,GET,0,DNS timeout,genatest
00:43:00,prostoapp.gitlab.yandexcloud.net,OK,200,HEAD,646.9,OK,genatest
00:43:00,proton-group.ru,HTTP_ERR,500,HEAD,462.3,500 Internal Server Error,genatest
00:43:00,protonrent.ru,DNS_ERR,0,GET,0,DNS timeout,genatest
00:43:00,proxy-sws.antirobot-challenge.pro,DNS_ERR,0,GET,0,DNS timeout,genatest
00:43:00,proxy1-legacy-yandex.s25.io,SSL_ERR,0,GET,0,SSL handshake failed,genatest
00:43:00,proxyapi.ru,DNS_ERR,0,GET,0,DNS timeout,genatest
00:43:00,prtech.gitlab.yandexcloud.net,DNS_ERR,0,GET,0,DNS timeout,genatest
00:43:00,psops.ru,SSL_ERR,0,GET,0,SSL handshake failed,genatest
00:43:00,pulsar.gitlab.yandexcloud.net,DNS_ERR,0,GET,0,DNS timeout,genatest
00:43:00,pulsarbonus.ru,SSL_ERR,0,GET,0,SSL handshake failed,genatest
00:43:00,punchmine.ru,DNS_ERR,0,GET,0,DNS timeout,genatest
00:43:00,push-api-market.zorox112.ru,DNS_ERR,0,GET,0,DNS timeout,genatest
00:43:00,putyatin.gitlab.yandexcloud.net,DNS_ERR,0,GET,0,DNS timeout,genatest
00:43:00,px6q4ynbff6vlj4mu11vitotgga4zo.gitlab.yandexcloud.net,OK,200,HEAD,456.8,OK,genatest
00:43:00,python-billing-core.gitlab.yandexcloud.net,OK,200,HEAD,393.8,OK,genatest
00:43:00,pzlhm.gitlab.yandexcloud.net,DNS_ERR,0,GET,0,DNS timeout,genatest
00:43:00,qa-api.periodica.press,RST,0,GET,0,Connection refused,genatest
00:43:00,qa.platform.navdobra.ru,DNS_ERR,0,-,0,Domain not resolved,genatest
00:43:00,qampus.club,DNS_ERR,0,-,0,Domain not resolved,genatest
00:43:00,qauto-git.gitlab.yandexcloud.net,DNS_ERR,0,-,0,Domain not resolved,genatest
00:43:00,qbernetix.com,DNS_ERR,0,-,0,Domain not resolved,genatest
00:43:00,qdlb.ru,DNS_ERR,0,-,0,Domain not resolved,genatest
00:43:00,ql6wied2.apigw.yandexcloud.net,DNS_ERR,0,-,0,Domain not resolved,genatest
00:43:00,qpda.ru,DNS_ERR,0,GET,0,DNS timeout,genatest
00:43:00,qsrsystem.ru,DNS_ERR,0,-,0,Domain not resolved,genatest
00:43:00,qstep.ru,OK,200,HEAD,460.4,OK,genatest
00:43:00,quiz.provider.marquiz.ru,DNS_ERR,0,GET,0,DNS timeout,genatest
00:43:00,quizplease.uz,DNS_ERR,0,GET,0,DNS timeout,genatest
00:43:00,r-service.tech,OK,200,HEAD,403.4,OK,genatest
00:43:00,ra.yutumi.ru,SSL_ERR,0,GET,0,SSL handshake failed,genatest
00:43:00,rahmat.gitlab.yandexcloud.net,OK,200,HEAD,407.8,OK,genatest
00:43:00,ral.noserv.info,DNS_ERR,0,GET,0,DNS timeout,genatest
00:43:00,ramo-lk-node1.cetera.su,DNS_ERR,0,GET,0,DNS timeout,genatest
00:43:00,ramo-lk-node2.cetera.su,DNS_ERR,0,GET,0,DNS timeout,genatest
00:43:00,rancher-yc.micord.ru,DNS_ERR,0,-,0,Domain not resolved,genatest
00:43:00,rao.tvigra.ru,DNS_ERR,0,GET,0,DNS timeout,genatest
00:43:00,rautsoft.gitlab.yandexcloud.net,DNS_ERR,0,GET,0,DNS timeout,genatest
00:43:00,rbc.ru,OK,200,HEAD,971.4,OK,genatest
00:43:00,rbc.ru,OK,200,HEAD,971.4,OK,rbc
00:43:00,rc-test.alfa-bank.net,DNS_ERR,0,GET,0,DNS timeout,genatest
00:43:00,rd.devpn.ru,DNS_ERR,0,GET,0,DNS timeout,genatest
00:43:00,rdclr.gitlab.yandexcloud.net,DNS_ERR,0,GET,0,DNS timeout,genatest
00:43:00,readovka.news,RST,0,GET,0,Connection refused,genatest
00:43:00,rebrainme.gitlab.yandexcloud.net,DNS_ERR,0,GET,0,DNS timeout,genatest
00:43:00,rebreaker.com,DNS_ERR,0,GET,0,DNS timeout,genatest
00:43:00,receiptapi.cleverbots.ru,DNS_ERR,0,GET,0,DNS timeout,genatest
00:43:00,reckitt.gitlab.yandexcloud.net,OK,200,HEAD,345.9,OK,genatest
00:43:00,recklify.com,DNS_ERR,0,GET,0,DNS timeout,genatest
00:43:00,recruitingreports.ru,DNS_ERR,0,GET,0,DNS timeout,genatest
00:43:00,redbridge-crm.com,OK,200,HEAD,351.3,OK,genatest
00:43:00,reddit.com,RST,0,GET,0,Connection refused,genatest
00:43:00,redplanetchina.com,SSL_ERR,0,GET,0,SSL handshake failed,genatest
00:43:00,reffection.gitlab.yandexcloud.net,DNS_ERR,0,GET,0,DNS timeout,genatest
00:43:00,reffection.ru,SSL_ERR,0,GET,0,SSL handshake failed,genatest
00:43:00,region.game,OK,200,HEAD,382.3,OK,genatest
00:43:00,registry.cloud.yandex.net,DNS_ERR,0,-,0,Domain not resolved,genatest
00:43:00,registry.kalite.ro,DNS_ERR,0,GET,0,DNS timeout,genatest
00:43:00,registry.virsign.dev,DNS_ERR,0,GET,0,DNS timeout,genatest
00:43:00,rele.ru,DNS_ERR,0,GET,0,DNS timeout,genatest
00:43:00,relink.team,DNS_ERR,0,GET,0,DNS timeout,genatest
00:43:00,remnawhitespb.vpn2026.ru,DNS_ERR,0,GET,0,DNS timeout,genatest
00:43:00,renbr.gitlab.yandexcloud.net,DNS_ERR,0,GET,0,DNS timeout,genatest
00:43:00,rendator.com,DNS_ERR,0,GET,0,DNS timeout,genatest
00:43:00,renins.com,SSL_ERR,0,GET,0,SSL handshake failed,genatest
00:43:00,renins.gitlab.yandexcloud.net,DNS_ERR,0,GET,0,DNS timeout,genatest
00:43:00,renins.ru,SSL_ERR,0,GET,0,SSL handshake failed,genatest
00:43:00,renthome.ru,DNS_ERR,0,GET,0,DNS timeout,genatest
00:43:00,repab.app,DNS_ERR,0,GET,0,DNS timeout,genatest
00:43:00,repeatlab.ru,SSL_ERR,0,GET,0,SSL handshake failed,genatest
00:43:00,repo.plai.win,DNS_ERR,0,GET,0,DNS timeout,genatest
00:43:00,repository.itmo.ru,DNS_ERR,0,GET,0,DNS timeout,genatest
00:43:00,rescore.online,DNS_ERR,0,GET,0,DNS timeout,genatest
00:43:00,researchhelper.gitlab.yandexcloud.net,DNS_ERR,0,GET,0,DNS timeout,genatest
00:43:00,reseiiup.ru,DNS_ERR,0,GET,0,DNS timeout,genatest
00:43:00,result.rest,OK,200,HEAD,730.2,OK,genatest
00:43:00,resume1.ru,DNS_ERR,0,GET,0,DNS timeout,genatest
00:43:00,retouche.ru,DNS_ERR,0,GET,0,DNS timeout,genatest
00:43:00,rgm-dev.ru,DNS_ERR,0,-,0,Domain not resolved,genatest
00:43:00,ridan.gitlab.yandexcloud.net,OK,200,HEAD,504.0,OK,genatest
00:43:00,rimskie.com,SSL_ERR,0,GET,0,SSL handshake failed,genatest
00:43:00,ritclinic-utils-test.ru,SSL_ERR,0,GET,0,SSL handshake failed,genatest
00:43:00,ritclinic-utils.ru,DNS_ERR,0,GET,0,DNS timeout,genatest
00:43:00,rivus.pro,SSL_ERR,0,GET,0,SSL handshake failed,genatest
00:43:00,rmgroup.website,SSL_ERR,0,GET,0,SSL handshake failed,genatest
00:43:00,robotics-lab.ru,DNS_ERR,0,GET,0,DNS timeout,genatest
00:43:00,romafl.ru,SSL_ERR,0,GET,0,SSL handshake failed,genatest
00:43:00,rore-tech.gitlab.yandexcloud.net,DNS_ERR,0,GET,0,DNS timeout,genatest
00:43:00,rossiya-airlines.ru,DNS_ERR,0,GET,0,DNS timeout,genatest
00:43:00,rostain.gitlab.yandexcloud.net,DNS_ERR,0,GET,0,DNS timeout,genatest
00:43:00,roznanie.ru,DNS_ERR,0,-,0,Domain not resolved,genatest
00:43:00,rpts.su,OK,200,HEAD,628.5,OK,genatest
00:43:00,rtbcdn.ru,DNS_ERR,0,-,0,Domain not resolved,genatest
00:43:00,rtl-consulting.ru,SSL_ERR,0,GET,0,SSL handshake failed,genatest
00:43:00,rtu-tc.gitlab.yandexcloud.net,OK,200,HEAD,457.2,OK,genatest
00:43:00,ru-01.sys-api-core.online,DNS_ERR,0,GET,0,DNS timeout,genatest
00:43:00,ru.boft.cc,DNS_ERR,0,GET,0,DNS timeout,genatest
00:43:00,ru.chroot.name,DNS_ERR,0,GET,0,DNS timeout,genatest
00:43:00,ru.enjoydev.io,DNS_ERR,0,-,0,Domain not resolved,genatest
00:43:00,ru.enjoysurvey.com,SSL_ERR,0,GET,0,SSL handshake failed,genatest
00:43:00,ru.sub.zohan.top,DNS_ERR,0,-,0,Domain not resolved,genatest
00:43:00,ru.xkarasb.space,DNS_ERR,0,GET,0,DNS timeout,genatest
00:43:00,ru1.orpheous.ru,DNS_ERR,0,GET,0,DNS timeout,genatest
00:43:00,ru101.tcpdoor.net,SSL_ERR,0,GET,0,SSL handshake failed,genatest
00:43:00,ru2.orpheous.ru,DNS_ERR,0,GET,0,DNS timeout,genatest
00:43:00,rubadev.ru,OK,200,HEAD,582.3,OK,genatest
00:43:00,rubicon.ru,DNS_ERR,0,GET,0,DNS timeout,genatest
00:43:00,rubyrussia.club,DNS_ERR,0,GET,0,DNS timeout,genatest
00:43:00,rudeal.com,RST,0,GET,0,Connection refused,genatest
00:43:00,rufs.guska.dev,DNS_ERR,0,GET,0,DNS timeout,genatest
00:43:00,ruga-movado.gitlab.yandexcloud.net,OK,200,HEAD,524.3,OK,genatest
00:43:00,rumomsk.gitlab.yandexcloud.net,DNS_ERR,0,GET,0,DNS timeout,genatest
00:43:00,rupec.ru,DNS_ERR,0,GET,0,DNS timeout,genatest
00:43:00,rus.babay.su,DNS_ERR,0,GET,0,DNS timeout,genatest
00:43:00,rusconstruct.ru,DNS_ERR,0,GET,0,DNS timeout,genatest
00:43:00,ruses.ru,SSL_ERR,0,GET,0,SSL handshake failed,genatest
00:43:00,rusjet.aero,SSL_ERR,0,GET,0,SSL handshake failed,genatest
00:43:00,rusmedfile.gitlab.yandexcloud.net,DNS_ERR,0,GET,0,DNS timeout,genatest
00:43:00,russia.xhttp.xyz,DNS_ERR,0,GET,0,DNS timeout,genatest
00:43:00,rustest.ru,SSL_ERR,0,GET,0,SSL handshake failed,genatest
00:43:00,rutronix.ai,DNS_ERR,0,GET,0,DNS timeout,genatest
00:43:00,rutube.ru,OK,200,HEAD,277.1,OK,genatest
00:43:00,rutube.ru,OK,200,HEAD,277.1,OK,rutube
00:43:00,rzdit.ru,SSL_ERR,0,GET,0,SSL handshake failed,genatest
00:43:00,rztstaging.ru,DNS_ERR,0,GET,0,DNS timeout,genatest
00:43:00,s.bleakwe.xyz,DNS_ERR,0,GET,0,DNS timeout,genatest
00:43:00,s.mindbox.ru,DNS_ERR,0,-,0,Domain not resolved,genatest
00:43:00,s3.kozenenterprise.ru,DNS_ERR,0,GET,0,DNS timeout,genatest
00:43:00,s3.t2.ru,HTTP_ERR,403,GET,119.8,403 Forbidden,genatest
00:43:00,saina.gitlab.yandexcloud.net,DNS_ERR,0,GET,0,DNS timeout,genatest
00:43:00,sala2000.gitlab.yandexcloud.net,DNS_ERR,0,-,0,Domain not resolved,genatest
00:43:00,salamander.ru,DNS_ERR,0,GET,0,DNS timeout,genatest
00:43:00,sales-accelerator.ru,DNS_ERR,0,-,0,Domain not resolved,genatest
00:43:00,salespoint.kily.ru,DNS_ERR,0,GET,0,DNS timeout,genatest
00:43:00,salessync.gitlab.yandexcloud.net,OK,200,HEAD,505.6,OK,genatest
00:43:00,salini-srl.com,DNS_ERR,0,GET,0,DNS timeout,genatest
00:43:00,salo.fun,DNS_ERR,0,GET,0,DNS timeout,genatest
00:43:00,samarasatori.ru,RST,0,GET,0,Connection refused,genatest
00:43:00,san4u.gitlab.yandexcloud.net,DNS_ERR,0,GET,0,DNS timeout,genatest
00:43:00,sandbox.blanc.ru,DNS_ERR,0,GET,0,DNS timeout,genatest
00:43:00,sandbox.netmonet.co,DNS_ERR,0,GET,0,DNS timeout,genatest
00:43:00,santehnik-home.ru,DNS_ERR,0,GET,0,DNS timeout,genatest
00:43:00,santehnika-tut.ru,DNS_ERR,0,GET,0,DNS timeout,genatest
00:43:00,santehnika.online,OK,200,HEAD,728.1,OK,genatest
00:43:00,santehtorg34.ru,SSL_ERR,0,GET,0,SSL handshake failed,genatest
00:43:00,saschadeutsch.com,SSL_ERR,0,GET,0,SSL handshake failed,genatest
00:43:00,sbcomm.gitlab.yandexcloud.net,OK,200,HEAD,477.4,OK,genatest
00:43:00,sbdagroup.com,DNS_ERR,0,-,0,Domain not resolved,genatest
00:43:00,scalartis.com,SSL_ERR,0,GET,0,SSL handshake failed,genatest
00:43:00,scale.yandex.ru,RST,0,GET,0,Connection refused,genatest
00:43:00,scantour.ru,DNS_ERR,0,GET,0,DNS timeout,genatest
00:43:00,scantv.site,DNS_ERR,0,GET,0,DNS timeout,genatest
00:43:00,scp.mcs.ru,DNS_ERR,0,GET,0,DNS timeout,genatest
00:43:00,script.gitlab.yandexcloud.net,OK,200,HEAD,443.7,OK,genatest
00:43:00,scroogeai.ru,DNS_ERR,0,GET,0,DNS timeout,genatest
00:43:00,sdk-r1.gitlab.yandexcloud.net,DNS_ERR,0,GET,0,DNS timeout,genatest
00:43:00,sdo.info-nok.ru,DNS_ERR,0,GET,0,DNS timeout,genatest
00:43:00,sdvor.com,DNS_ERR,0,GET,0,DNS timeout,genatest
00:43:00,se-rsp.gitlab.yandexcloud.net,DNS_ERR,0,GET,0,DNS timeout,genatest
00:43:00,seafile.xorlet.ru,DNS_ERR,0,GET,0,DNS timeout,genatest
00:43:00,search.bags.aero,OK,200,HEAD,596.1,OK,genatest
00:43:00,searchbooster.io,SSL_ERR,0,GET,0,SSL handshake failed,genatest
00:43:00,sec.speedvantage.ru,DNS_ERR,0,GET,0,DNS timeout,genatest
00:43:00,secure-software.ru,DNS_ERR,0,GET,0,DNS timeout,genatest
00:43:00,sed-ruded.ru,DNS_ERR,0,GET,0,DNS timeout,genatest
00:43:00,selftech.ru,DNS_ERR,0,GET,0,DNS timeout,genatest
00:43:00,selvis.com,DNS_ERR,0,GET,0,DNS timeout,genatest
00:43:00,semena-zakaz.ru,OK,200,HEAD,1059.6,OK,genatest
00:43:00,sensorehab.com,SSL_ERR,0,GET,0,SSL handshake failed,genatest
00:43:00,sentry.ansible.liis.dev,DNS_ERR,0,-,0,Domain not resolved,genatest
00:43:00,sentry.websky.tech,DNS_ERR,0,GET,0,DNS timeout,genatest
00:43:00,seo.evraz.market,DNS_ERR,0,GET,0,DNS timeout,genatest
00:43:00,server.bibip.io,DNS_ERR,0,GET,0,DNS timeout,genatest
00:43:00,service.gitlab.yandexcloud.net,OK,200,HEAD,540.7,OK,genatest
00:43:00,service.hyundai-aaamotors.ru,DNS_ERR,0,GET,0,DNS timeout,genatest
00:43:00,settlex.ru,DNS_ERR,0,-,0,Domain not resolved,genatest
00:43:00,shared.cde.yc.life-pay.tech,DNS_ERR,0,-,0,Domain not resolved,genatest
00:43:00,sharplogic.gitlab.yandexcloud.net,OK,200,HEAD,421.7,OK,genatest
00:43:00,shmotki.app,DNS_ERR,0,GET,0,DNS timeout,genatest
00:43:00,shooty.gitlab.yandexcloud.net,DNS_ERR,0,-,0,Domain not resolved,genatest
00:43:00,shop.youllity.ru,DNS_ERR,0,GET,0,DNS timeout,genatest
00:43:00,shprot-test.gitlab.yandexcloud.net,OK,200,HEAD,551.8,OK,genatest
00:43:00,shtrafovnet.gitlab.yandexcloud.net,DNS_ERR,0,GET,0,DNS timeout,genatest
00:43:00,sib.fm,DNS_ERR,0,GET,0,DNS timeout,genatest
00:43:00,sibingeo.com,DNS_ERR,0,-,0,Domain not resolved,genatest
00:43:00,sibstrin.ru,DNS_ERR,0,GET,0,DNS timeout,genatest
00:43:00,sign.tndev.ru,DNS_ERR,0,GET,0,DNS timeout,genatest
00:43:00,sign.tnstage.ru,DNS_ERR,0,GET,0,DNS timeout,genatest
00:43:00,sign.tntest.ru,DNS_ERR,0,GET,0,DNS timeout,genatest
00:43:00,simashkin.dev,DNS_ERR,0,GET,0,DNS timeout,genatest
00:43:00,sinica-testland-3.ru,RST,0,GET,0,Connection refused,genatest
00:43:00,sintechreg.ru,DNS_ERR,0,GET,0,DNS timeout,genatest
00:43:00,sinyaya-ptitsa.ru,DNS_ERR,0,GET,0,DNS timeout,genatest
00:43:00,sirmaxtest.gitlab.yandexcloud.net,DNS_ERR,0,GET,0,DNS timeout,genatest
00:43:00,site.rutele2.grizzly-vpn.ru,DNS_ERR,0,GET,0,DNS timeout,genatest
00:43:00,sites.leads.tech,OK,200,HEAD,253.2,OK,genatest
00:43:00,sitkoru.gitlab.yandexcloud.net,DNS_ERR,0,GET,0,DNS timeout,genatest
00:43:00,sk10.ru,SSL_ERR,0,GET,0,SSL handshake failed,genatest
00:43:00,skdesign-development.gitlab.yandexcloud.net,OK,200,HEAD,445.0,OK,genatest
00:43:00,skilos.ai,DNS_ERR,0,GET,0,DNS timeout,genatest
00:43:00,sklad24.online,SSL_ERR,0,GET,0,SSL handshake failed,genatest
00:43:00,skyarc.ru,DNS_ERR,0,GET,0,DNS timeout,genatest
00:43:00,slb-rca-digital.gitlab.yandexcloud.net,DNS_ERR,0,GET,0,DNS timeout,genatest
00:43:00,sldr.xyz,RST,0,GET,0,Connection refused,genatest
00:43:00,sleepbot.gitlab.yandexcloud.net,OK,200,HEAD,443.1,OK,genatest
00:43:00,slkrepo.gitlab.yandexcloud.net,DNS_ERR,0,GET,0,DNS timeout,genatest
00:43:00,slydiman.me,SSL_ERR,0,GET,0,SSL handshake failed,genatest
00:43:00,smart-tables.gitlab.yandexcloud.net,DNS_ERR,0,GET,0,DNS timeout,genatest
00:43:00,smart-uk.ru,DNS_ERR,0,GET,0,DNS timeout,genatest
00:43:00,smartmerch-infotek.gitlab.yandexcloud.net,DNS_ERR,0,GET,0,DNS timeout,genatest
00:43:00,smartofood.ru,DNS_ERR,0,GET,0,DNS timeout,genatest
00:43:00,smartrectangle.gitlab.yandexcloud.net,DNS_ERR,0,GET,0,DNS timeout,genatest
00:43:00,smartsales.gitlab.yandexcloud.net,DNS_ERR,0,GET,0,DNS timeout,genatest
00:43:00,smartschoolpro.gitlab.yandexcloud.net,DNS_ERR,0,GET,0,DNS timeout,genatest
00:43:00,smddev.gitlab.yandexcloud.net,DNS_ERR,0,GET,0,DNS timeout,genatest
00:43:00,smsc.090983.xyz,DNS_ERR,0,GET,0,DNS timeout,genatest
00:43:00,smuta.games,DNS_ERR,0,GET,0,DNS timeout,genatest
00:43:00,smweb.dev,DNS_ERR,0,-,0,Domain not resolved,genatest
00:43:00,smx-invest.sinara-finance.ru,DNS_ERR,0,GET,0,DNS timeout,genatest
00:43:00,sn.zenclass.ru,DNS_ERR,0,GET,0,DNS timeout,genatest
00:43:00,sni-security.raw-srv.org,SSL_ERR,0,GET,0,SSL handshake failed,genatest
00:43:00,snwy-central.duckdns.org,DNS_ERR,0,GET,0,DNS timeout,genatest
00:43:00,socium.gitlab.yandexcloud.net,DNS_ERR,0,GET,0,DNS timeout,genatest
00:43:00,sodru.com,SSL_ERR,0,GET,0,SSL handshake failed,genatest
00:43:00,sofia.gitlab.yandexcloud.net,DNS_ERR,0,GET,0,DNS timeout,genatest
00:43:00,solanteq.ru,SSL_ERR,0,GET,0,SSL handshake failed,genatest
00:43:00,solidmdm.gitlab.yandexcloud.net,OK,200,HEAD,580.7,OK,genatest
00:43:00,soltekh.ru,SSL_ERR,0,GET,0,SSL handshake failed,genatest
00:43:00,sonar.devops.alrosa.ru,DNS_ERR,0,GET,0,DNS timeout,genatest
00:43:00,sourcecraft.site,DNS_ERR,0,GET,0,DNS timeout,genatest
00:43:00,sovety-ot-pryshei.ru,DNS_ERR,0,GET,0,DNS timeout,genatest
00:43:00,sp.cppl.ru,DNS_ERR,0,GET,0,DNS timeout,genatest
00:43:00,spark.cloud-preprod.yandex.net,DNS_ERR,0,GET,0,DNS timeout,genatest
00:43:00,spartak-dwh.gitlab.yandexcloud.net,OK,200,HEAD,401.0,OK,genatest
00:43:00,spasilen.ru,DNS_ERR,0,GET,0,DNS timeout,genatest
00:43:00,spb.doctor,DNS_ERR,0,GET,0,DNS timeout,genatest
00:43:00,spb.realty.ru,DNS_ERR,0,GET,0,DNS timeout,genatest
00:43:00,spb.vpngoooger.ru,DNS_ERR,0,GET,0,DNS timeout,genatest
00:43:00,spbstu.ru,SSL_ERR,0,GET,0,SSL handshake failed,genatest
00:43:00,special-sales.com,SSL_ERR,0,GET,0,SSL handshake failed,genatest
00:43:00,spectrogramma.cleverbots.ru,DNS_ERR,0,GET,0,DNS timeout,genatest
00:43:00,spellsmell.ru,DNS_ERR,0,GET,0,DNS timeout,genatest
00:43:00,spix.ru,OK,200,HEAD,558.9,OK,genatest
00:43:00,spkobr.ru,OK,200,HEAD,416.2,OK,genatest
00:43:00,sponsr.gitlab.yandexcloud.net,DNS_ERR,0,GET,0,DNS timeout,genatest
00:43:00,sprint-cloud.gitlab.yandexcloud.net,DNS_ERR,0,GET,0,DNS timeout,genatest
00:43:00,sprint9.tgcloudenv.ru,DNS_ERR,0,-,0,Domain not resolved,genatest
00:43:00,squadsec.gitlab.yandexcloud.net,OK,200,HEAD,540.8,OK,genatest
00:43:00,squadus.ru,DNS_ERR,0,-,0,Domain not resolved,genatest
00:43:00,sravni-labs.ru,DNS_ERR,0,GET,0,DNS timeout,genatest
00:43:00,sravni.bet,DNS_ERR,0,GET,0,DNS timeout,genatest
00:43:00,ss.monetka-sbs.online,DNS_ERR,0,GET,0,DNS timeout,genatest
00:43:00,ssp-git.gitlab.yandexcloud.net,OK,200,HEAD,557.9,OK,genatest
00:43:00,st.subtotal.ru,DNS_ERR,0,GET,0,DNS timeout,genatest
00:43:00,stackofcircuits.com,DNS_ERR,0,GET,0,DNS timeout,genatest
00:43:00,stage-education.astralinux.ru,DNS_ERR,0,GET,0,DNS timeout,genatest
00:43:00,stage.a-ai.ru,DNS_ERR,0,-,0,Domain not resolved,genatest
00:43:00,stage.b2b.clean-car.net,DNS_ERR,0,GET,0,DNS timeout,genatest
00:43:00,stage.diagnostics.splatglobal.com,DNS_ERR,0,GET,0,DNS timeout,genatest
00:43:00,stage.granelle-redesign.idacloud.ru,DNS_ERR,0,GET,0,DNS timeout,genatest
00:43:00,stage.kiss-date.ru,DNS_ERR,0,GET,0,DNS timeout,genatest
00:43:00,stage.onduline.ru,SSL_ERR,0,GET,0,SSL handshake failed,genatest
00:43:00,stage.otel.padelapp.club,DNS_ERR,0,GET,0,DNS timeout,genatest
00:43:00,stage.peoplenow.ru,DNS_ERR,0,GET,0,DNS timeout,genatest
00:43:00,stage.pikassa.io,DNS_ERR,0,GET,0,DNS timeout,genatest
00:43:00,stage.plat.team,DNS_ERR,0,-,0,Domain not resolved,genatest
00:43:00,stage.pronovostroiki.ru,DNS_ERR,0,GET,0,DNS timeout,genatest
00:43:00,stage.psyedge.ru,DNS_ERR,0,GET,0,DNS timeout,genatest
00:43:00,stage.pushka228.ru,DNS_ERR,0,-,0,Domain not resolved,genatest
00:43:00,stage.quiz.provider.marquiz.ru,DNS_ERR,0,GET,0,DNS timeout,genatest
00:43:00,stage.samolet.ru,DNS_ERR,0,GET,0,DNS timeout,genatest
00:43:00,stage.selfschool.spiks.dev,DNS_ERR,0,GET,0,DNS timeout,genatest
00:43:00,stage.talkbank.dev,DNS_ERR,0,GET,0,DNS timeout,genatest
00:43:00,stage.turboapp.ru,DNS_ERR,0,-,0,Domain not resolved,genatest
00:43:00,stage.yandex.unisender.ru,OK,200,HEAD,1291.9,OK,genatest
00:43:00,staging.alb.botman.pro,DNS_ERR,0,-,0,Domain not resolved,genatest
00:43:00,staging.albdev.botman.pro,DNS_ERR,0,-,0,Domain not resolved,genatest
00:43:00,staging.auth.nssa.pro,SSL_ERR,0,GET,0,SSL handshake failed,genatest
00:43:00,staging.bags-search.ru,DNS_ERR,0,-,0,Domain not resolved,genatest
00:43:00,staging.durak.ru,RST,0,GET,0,Connection refused,genatest
00:43:00,staging.emilianozapata.com,DNS_ERR,0,GET,0,DNS timeout,genatest
00:43:00,staging.jnjvision.ru,DNS_ERR,0,GET,0,DNS timeout,genatest
00:43:00,starbyte.gitlab.yandexcloud.net,DNS_ERR,0,GET,0,DNS timeout,genatest
00:43:00,starhunt.app,DNS_ERR,0,GET,0,DNS timeout,genatest
00:43:00,startexam.gitlab.yandexcloud.net,DNS_ERR,0,GET,0,DNS timeout,genatest
00:43:00,static.reolinks.ru,DNS_ERR,0,GET,0,DNS timeout,genatest
00:43:00,stayday.gitlab.yandexcloud.net,DNS_ERR,0,GET,0,DNS timeout,genatest
00:43:00,stcyber.gitlab.yandexcloud.net,DNS_ERR,0,GET,0,DNS timeout,genatest
00:43:00,steamgold.dev,SSL_ERR,0,GET,0,SSL handshake failed,genatest
00:43:00,stm.monastirev.ru,DNS_ERR,0,GET,0,DNS timeout,genatest
00:43:00,storage-1.yandexcloud.net,DNS_ERR,0,-,0,Domain not resolved,genatest
00:43:00,store.amplicode.ru,OK,200,HEAD,471.1,OK,genatest
00:43:00,store.cleverbots.ru,DNS_ERR,0,GET,0,DNS timeout,genatest
00:43:00,stream.ai-radio.ru,DNS_ERR,0,GET,0,DNS timeout,genatest
00:43:00,stream.datago.ru,DNS_ERR,0,GET,0,DNS timeout,genatest
00:43:00,strm.yandex.net,OK,200,HEAD,264.0,OK,genatest
00:43:00,stroiki.ru,DNS_ERR,0,GET,0,DNS timeout,genatest
00:43:00,stroy-aliance.idacloud.ru,DNS_ERR,0,GET,0,DNS timeout,genatest
00:43:00,stroycode.ru,DNS_ERR,0,GET,0,DNS timeout,genatest
00:43:00,stroypark-dev.krasbit.studio,DNS_ERR,0,GET,0,DNS timeout,genatest
00:43:00,stroyparkdiy.ru,DNS_ERR,0,GET,0,DNS timeout,genatest
00:43:00,sub-wl.vpnet.club,OK,200,HEAD,375.0,OK,genatest
00:43:00,sub.3apesvpn.com,DNS_ERR,0,GET,0,DNS timeout,genatest
00:43:00,sub.hairov.ru,DNS_ERR,0,GET,0,DNS timeout,genatest
00:43:00,sub.jarspeed.com,SSL_ERR,0,GET,0,SSL handshake failed,genatest
00:43:00,sub.joserv.online,DNS_ERR,0,GET,0,DNS timeout,genatest
00:43:00,sub.kikitvpn.home.kg,DNS_ERR,0,GET,0,DNS timeout,genatest
00:43:00,sub.leobus.tech,DNS_ERR,0,GET,0,DNS timeout,genatest
00:43:00,sub.pacanwork.mooo.com,DNS_ERR,0,GET,0,DNS timeout,genatest
00:43:00,sub.pengvpn.ru,DNS_ERR,0,GET,0,DNS timeout,genatest
00:43:00,sub.seomeo.mooo.com,DNS_ERR,0,GET,0,DNS timeout,genatest
00:43:00,sub.shiro.minecraftr.us,DNS_ERR,0,GET,0,DNS timeout,genatest
00:43:00,sub.wizzy-sub.ru,DNS_ERR,0,GET,0,DNS timeout,genatest
00:43:00,sub.ya.1337.cx,DNS_ERR,0,GET,0,DNS timeout,genatest
00:43:00,sub.zks95.tongbaoyule999.com,DNS_ERR,0,GET,0,DNS timeout,genatest
00:43:00,sub2.xe14.ru,DNS_ERR,0,GET,0,DNS timeout,genatest
00:43:00,subscription.i-love-raccoons.ru,DNS_ERR,0,GET,0,DNS timeout,genatest
00:43:00,sugma-tpb2.ru,OK,200,HEAD,437.6,OK,genatest
00:43:00,supa-team.gitlab.yandexcloud.net,OK,200,HEAD,415.3,OK,genatest
00:43:00,superjump.gitlab.yandexcloud.net,OK,200,HEAD,451.4,OK,genatest
00:43:00,supgetter.ru,DNS_ERR,0,GET,0,DNS timeout,genatest
00:43:00,supster.me,RST,0,GET,0,Connection refused,genatest
00:43:00,surfstudio.gitlab.yandexcloud.net,DNS_ERR,0,GET,0,DNS timeout,genatest
00:43:00,sutochno.net,HTTP_ERR,403,GET,273.1,403 Forbidden,genatest
00:43:00,svel.yolva-it.ru,DNS_ERR,0,GET,0,DNS timeout,genatest
00:43:00,sveza.ru,OK,200,HEAD,1332.9,OK,genatest
00:43:00,svezagroup.ru,DNS_ERR,0,-,0,Domain not resolved,genatest
00:43:00,sweetcatshop.ru,DNS_ERR,0,GET,0,DNS timeout,genatest
00:43:00,sws-1.yclabs.net,DNS_ERR,0,GET,0,DNS timeout,genatest
00:43:00,sws-proxy.yclabs.ru,DNS_ERR,0,GET,0,DNS timeout,genatest
00:43:00,sws.dev.zentry.space,DNS_ERR,0,GET,0,DNS timeout,genatest
00:43:00,swwater.ru,DNS_ERR,0,GET,0,DNS timeout,genatest
00:43:00,synapsenet.gitlab.yandexcloud.net,DNS_ERR,0,GET,0,DNS timeout,genatest
00:43:00,sync.zuy.name,DNS_ERR,0,GET,0,DNS timeout,genatest
00:43:00,system.pfsense.services.itmo.dev,DNS_ERR,0,GET,0,DNS timeout,genatest
00:43:00,t-hack.ru,DNS_ERR,0,GET,0,DNS timeout,genatest
00:43:00,t-miniceo.ru,OK,200,HEAD,483.7,OK,genatest
00:43:00,t2ice.svminiapp.ru,DNS_ERR,0,GET,0,DNS timeout,genatest
00:43:00,tach.id,DNS_ERR,0,GET,0,DNS timeout,genatest
00:43:00,tages.ru,SSL_ERR,0,GET,0,SSL handshake failed,genatest
00:43:00,takserver.ru,DNS_ERR,0,GET,0,DNS timeout,genatest
00:43:00,talense.io,OK,200,HEAD,375.0,OK,genatest
00:43:00,talent-q.ru,SSL_ERR,0,GET,0,SSL handshake failed,genatest
00:43:00,tandem.gitlab.yandexcloud.net,DNS_ERR,0,GET,0,DNS timeout,genatest
00:43:00,tangl.gitlab.yandexcloud.net,DNS_ERR,0,GET,0,DNS timeout,genatest
00:43:00,tantorlabs.ru,OK,200,HEAD,455.6,OK,genatest
00:43:00,tapir-foto.ru,DNS_ERR,0,GET,0,DNS timeout,genatest
00:43:00,tarkett.gitlab.yandexcloud.net,DNS_ERR,0,GET,0,DNS timeout,genatest
00:43:00,tarkett.ru,SSL_ERR,0,GET,0,SSL handshake failed,genatest
00:43:00,taski16.hopto.org,DNS_ERR,0,-,0,Domain not resolved,genatest
00:43:00,taskibest.duckdns.org,DNS_ERR,0,-,0,Domain not resolved,genatest
00:43:00,tatjur.ru,DNS_ERR,0,GET,0,DNS timeout,genatest
00:43:00,tatkniga.ru,SSL_ERR,0,GET,0,SSL handshake failed,genatest
00:43:00,tau.vk.com,DNS_ERR,0,-,0,Domain not resolved,genatest
00:43:00,taxi.ugtravel.com,DNS_ERR,0,GET,0,DNS timeout,genatest
00:43:00,taxiweb.ru,DNS_ERR,0,GET,0,DNS timeout,genatest
00:43:00,tbki.ru,DNS_ERR,0,GET,0,DNS timeout,genatest
00:43:00,teampulse.gitlab.yandexcloud.net,DNS_ERR,0,GET,0,DNS timeout,genatest
00:43:00,teampulse.ru,OK,200,HEAD,466.5,OK,genatest
00:43:00,teamscore.gitlab.yandexcloud.net,DNS_ERR,0,GET,0,DNS timeout,genatest
00:43:00,tech.amenscraft.ru,SSL_ERR,0,GET,0,SSL handshake failed,genatest
00:43:00,techheathen.com,SSL_ERR,0,GET,0,SSL handshake failed,genatest
00:43:00,technoavia.ru,DNS_ERR,0,GET,0,DNS timeout,genatest
00:43:00,tecius.gitlab.yandexcloud.net,DNS_ERR,0,GET,0,DNS timeout,genatest
00:43:00,tedo-git.gitlab.yandexcloud.net,DNS_ERR,0,GET,0,DNS timeout,genatest
00:43:00,teko.io,OK,200,HEAD,383.2,OK,genatest
00:43:00,teleboss.ru,OK,200,HEAD,332.3,OK,genatest
00:43:00,telegram.org,RST,0,GET,0,Connection refused,genatest
00:43:00,telno.ru,DNS_ERR,0,GET,0,DNS timeout,genatest
00:43:00,temp03.ru,OK,200,HEAD,644.2,OK,genatest
00:43:00,teploluxe.gitlab.yandexcloud.net,DNS_ERR,0,GET,0,DNS timeout,genatest
00:43:00,ter-pay.ru,DNS_ERR,0,GET,0,DNS timeout,genatest
00:43:00,teraplan.gitlab.yandexcloud.net,DNS_ERR,0,GET,0,DNS timeout,genatest
00:43:00,terium.pro,SSL_ERR,0,GET,0,SSL handshake failed,genatest
00:43:00,terpay.gitlab.yandexcloud.net,DNS_ERR,0,GET,0,DNS timeout,genatest
00:43:00,terrabo.ru,DNS_ERR,0,GET,0,DNS timeout,genatest
00:43:00,tese3g.gitlab.yandexcloud.net,DNS_ERR,0,GET,0,DNS timeout,genatest
00:43:00,tess-market.gitlab.yandexcloud.net,OK,200,HEAD,405.2,OK,genatest
00:43:00,test-api-seller.boontar.ru,DNS_ERR,0,GET,0,DNS timeout,genatest
00:43:00,test-api.stomplan.ru,DNS_ERR,0,GET,0,DNS timeout,genatest
00:43:00,test-bus-and-b24.krasbit.studio,DNS_ERR,0,GET,0,DNS timeout,genatest
00:43:00,test-endpoint.netstack.ru,DNS_ERR,0,GET,0,DNS timeout,genatest
00:43:00,test-miloserdie.ru,DNS_ERR,0,GET,0,DNS timeout,genatest
00:43:00,test-seo.gitlab.yandexcloud.net,OK,200,HEAD,449.1,OK,genatest
00:43:00,test-waf.iva360.ru,DNS_ERR,0,GET,0,DNS timeout,genatest
00:43:00,test-web.nicklaus.ru,DNS_ERR,0,GET,0,DNS timeout,genatest
00:43:00,test-wordpress.nsamsonov.com,DNS_ERR,0,-,0,Domain not resolved,genatest
00:43:00,test.appsol.ru,DNS_ERR,0,-,0,Domain not resolved,genatest
00:43:00,test.czn-office.ru,DNS_ERR,0,GET,0,DNS timeout,genatest
00:43:00,test.dasigna.app,DNS_ERR,0,GET,0,DNS timeout,genatest
00:43:00,test.dw-dynamics.com,DNS_ERR,0,-,0,Domain not resolved,genatest
00:43:00,test.geosurf.ru,SSL_ERR,0,GET,0,SSL handshake failed,genatest
00:43:00,test.gomvp.ru,DNS_ERR,0,GET,0,DNS timeout,genatest
00:43:00,test.mosmedai.ru,DNS_ERR,0,-,0,Domain not resolved,genatest
00:43:00,test.partner.agisoft.com,DNS_ERR,0,GET,0,DNS timeout,genatest
00:43:00,test.smarthead.io,DNS_ERR,0,GET,0,DNS timeout,genatest
00:43:00,test.traveler.today,DNS_ERR,0,GET,0,DNS timeout,genatest
00:43:00,test.voroh.ru,SSL_ERR,0,GET,0,SSL handshake failed,genatest
00:43:00,test1.periodica.press,RST,0,GET,0,Connection refused,genatest
00:43:00,test1.x.kiow.space,DNS_ERR,0,GET,0,DNS timeout,genatest
00:43:00,test111.gitlab.yandexcloud.net,DNS_ERR,0,GET,0,DNS timeout,genatest
00:43:00,test3.ipdrom.ru,DNS_ERR,0,GET,0,DNS timeout,genatest
00:43:00,test3.rubicon.ru,DNS_ERR,0,GET,0,DNS timeout,genatest
00:43:00,testboard.avito.com,DNS_ERR,0,GET,0,DNS timeout,genatest
00:43:00,testcalc.rn-bank.ru,HTTP_ERR,400,GET,513.8,400 Bad Request,genatest
00:43:00,testgen-it.gitlab.yandexcloud.net,DNS_ERR,0,GET,0,DNS timeout,genatest
00:43:00,testgit.gitlab.yandexcloud.net,DNS_ERR,0,GET,0,DNS timeout,genatest
00:43:00,testing-srt-123.gitlab.yandexcloud.net,DNS_ERR,0,-,0,Domain not resolved,genatest
00:43:00,testing.kasp-lottery.dnadev.ru,DNS_ERR,0,GET,0,DNS timeout,genatest
00:43:00,testing.lingualeo-funk.com,SSL_ERR,0,GET,0,SSL handshake failed,genatest
00:43:00,testing.looklink.dnadev.ru,DNS_ERR,0,GET,0,DNS timeout,genatest
00:43:00,testit.e-queo.xyz,DNS_ERR,0,GET,0,DNS timeout,genatest
00:43:00,testit.luis.ru,DNS_ERR,0,GET,0,DNS timeout,genatest
00:43:00,testnet.platform-explorer.pshenmic.dev,DNS_ERR,0,GET,0,DNS timeout,genatest
00:43:00,teststastastatsata.gitlab.yandexcloud.net,DNS_ERR,0,GET,0,DNS timeout,genatest
00:43:00,textback.gitlab.yandexcloud.net,DNS_ERR,0,GET,0,DNS timeout,genatest
00:43:00,tg-auth.sp.yandex.ru,HTTP_ERR,400,GET,500.4,400 Bad request,genatest
00:43:00,tgads.gitlab.yandexcloud.net,OK,200,HEAD,438.3,OK,genatest
00:43:00,tgb.redwallet.app,DNS_ERR,0,GET,0,DNS timeout,genatest
00:43:00,tggreenwood.ru,DNS_ERR,0,GET,0,DNS timeout,genatest
00:43:00,tgstatbot.tprg.ru,SSL_ERR,0,GET,0,SSL handshake failed,genatest
00:43:00,thecircledrive.ru,DNS_ERR,0,GET,0,DNS timeout,genatest
00:43:00,thecultt.com,DNS_ERR,0,GET,0,DNS timeout,genatest
00:43:00,thermirra.ru,DNS_ERR,0,GET,0,DNS timeout,genatest
00:43:00,theseems.ru,DNS_ERR,0,GET,0,DNS timeout,genatest
00:43:00,thesession.ru,DNS_ERR,0,-,0,Domain not resolved,genatest
00:43:00,thesisgit.gitlab.yandexcloud.net,DNS_ERR,0,GET,0,DNS timeout,genatest
00:43:00,tickets.nizhny800.ru,DNS_ERR,0,GET,0,DNS timeout,genatest
00:43:00,ticketscloud.com,DNS_ERR,0,GET,0,DNS timeout,genatest
00:43:00,tilda.fomotix.com,DNS_ERR,0,GET,0,DNS timeout,genatest
00:43:00,time-messenger.ru,SSL_ERR,0,GET,0,SSL handshake failed,genatest
00:43:00,time-ops.tbank.ru,DNS_ERR,0,GET,0,DNS timeout,genatest
00:43:00,time.centraluniversity.ru,DNS_ERR,0,GET,0,DNS timeout,genatest
00:43:00,timerhan-amina.ru,DNS_ERR,0,GET,0,DNS timeout,genatest
00:43:00,timetta.com,DNS_ERR,0,GET,0,DNS timeout,genatest
00:43:00,tmail.tizh.ru,DNS_ERR,0,GET,0,DNS timeout,genatest
00:43:00,tn-kf.gitlab.yandexcloud.net,DNS_ERR,0,GET,0,DNS timeout,genatest
00:43:00,tnszdev.gitlab.yandexcloud.net,OK,200,HEAD,502.1,OK,genatest
00:43:00,tnv.ru,DNS_ERR,0,GET,0,DNS timeout,genatest
00:43:00,tochka-school.ru,DNS_ERR,0,GET,0,DNS timeout,genatest
00:43:00,todes.ru,DNS_ERR,0,GET,0,DNS timeout,genatest
00:43:00,tolam.online,DNS_ERR,0,GET,0,DNS timeout,genatest
00:43:00,tools.cbse1.ru,DNS_ERR,0,-,0,Domain not resolved,genatest
00:43:00,torgi223.ru,OK,200,HEAD,375.1,OK,genatest
00:43:00,tour-manager.gitlab.yandexcloud.net,DNS_ERR,0,GET,0,DNS timeout,genatest
00:43:00,tprg.ru,DNS_ERR,0,GET,0,DNS timeout,genatest
00:43:00,tproger.ru,DNS_ERR,0,GET,0,DNS timeout,genatest
00:43:00,tps.kg,SSL_ERR,0,GET,0,SSL handshake failed,genatest
00:43:00,tquality.ru,DNS_ERR,0,GET,0,DNS timeout,genatest
00:43:00,tracker.gitlab.yandexcloud.net,DNS_ERR,0,GET,0,DNS timeout,genatest
00:43:00,tracking.rtls.beeline.ru,DNS_ERR,0,GET,0,DNS timeout,genatest
00:43:00,trade.tashir.ru,DNS_ERR,0,GET,0,DNS timeout,genatest
00:43:00,transfer-gesh.ru,SSL_ERR,0,GET,0,SSL handshake failed,genatest
00:43:00,transio.ru,OK,200,HEAD,363.6,OK,genatest
00:43:00,transitllc.ru,SSL_ERR,0,GET,0,SSL handshake failed,genatest
00:43:00,transrussia-connect.com,DNS_ERR,0,GET,0,DNS timeout,genatest
00:43:00,travel.yandex.ru,OK,200,HEAD,852.3,OK,genatest
00:43:00,trihard.com.ru,DNS_ERR,0,GET,0,DNS timeout,genatest
00:43:00,trino.cloud-preprod.yandex.net,DNS_ERR,0,GET,0,DNS timeout,genatest
00:43:00,trino.pe.cloud-preprod.yandex.net,DNS_ERR,0,-,0,Domain not resolved,genatest
00:43:00,trisystems.gitlab.yandexcloud.net,DNS_ERR,0,GET,0,DNS timeout,genatest
00:43:00,trucker.gitlab.yandexcloud.net,DNS_ERR,0,GET,0,DNS timeout,genatest
00:43:00,trushokolad.ru,HTTP_ERR,418,HEAD,545.4,418 ,genatest
00:43:00,tunnel.vk-apps.com,HTTP_ERR,403,GET,68.5,403 Forbidden,genatest
00:43:00,turikhay.ru,DNS_ERR,0,GET,0,DNS timeout,genatest
00:43:00,turniqet.ru,DNS_ERR,0,GET,0,DNS timeout,genatest
00:43:00,tutti-fiori.baski.pro,DNS_ERR,0,GET,0,DNS timeout,genatest
00:43:00,tvspb.ru,DNS_ERR,0,GET,0,DNS timeout,genatest
00:43:00,u-first.ru,DNS_ERR,0,GET,0,DNS timeout,genatest
00:43:00,uat.cluster.kznexpess.com,HTTP_ERR,503,HEAD,539.1,503 Service Temporarily Unavailable,genatest
00:43:00,ucs15.ru,SSL_ERR,0,GET,0,SSL handshake failed,genatest
00:43:00,udtech.gitlab.yandexcloud.net,DNS_ERR,0,GET,0,DNS timeout,genatest
00:43:00,ug-m.ru,DNS_ERR,0,GET,0,DNS timeout,genatest
00:43:00,ui.homer.sputnik.systems,DNS_ERR,0,GET,0,DNS timeout,genatest
00:43:00,umschool.net,DNS_ERR,0,GET,0,DNS timeout,genatest
00:43:00,unidraw.io,DNS_ERR,0,GET,0,DNS timeout,genatest
00:43:00,unilane.ru,DNS_ERR,0,GET,0,DNS timeout,genatest
00:43:00,unimetriq.com,DNS_ERR,0,GET,0,DNS timeout,genatest
00:43:00,uniqom.ru,DNS_ERR,0,GET,0,DNS timeout,genatest
00:43:00,unistar.ru,DNS_ERR,0,GET,0,DNS timeout,genatest
00:43:00,university.onegroup.ru,DNS_ERR,0,GET,0,DNS timeout,genatest
00:43:00,unlimco.gitlab.yandexcloud.net,DNS_ERR,0,GET,0,DNS timeout,genatest
00:43:00,unlimco.io,DNS_ERR,0,GET,0,DNS timeout,genatest
00:43:00,unlimco.pro,DNS_ERR,0,GET,0,DNS timeout,genatest
00:43:00,uphost.cloud,DNS_ERR,0,GET,0,DNS timeout,genatest
00:43:00,uplatforma.gitlab.yandexcloud.net,OK,200,HEAD,395.1,OK,genatest
00:43:00,upload.choice.study,DNS_ERR,0,GET,0,DNS timeout,genatest
00:43:00,upload.periodica.press,DNS_ERR,0,GET,0,DNS timeout,genatest
00:43:00,upmetric.gitlab.yandexcloud.net,DNS_ERR,0,GET,0,DNS timeout,genatest
00:43:00,ural-press.ru,DNS_ERR,0,GET,0,DNS timeout,genatest
00:43:00,urstart.ru,DNS_ERR,0,GET,0,DNS timeout,genatest
00:43:00,user.stage.retail.iql.ru,DNS_ERR,0,GET,0,DNS timeout,genatest
00:43:00,userapi.com,DNS_ERR,0,GET,0,DNS timeout,genatest
00:43:00,userapi.com,DNS_ERR,0,GET,0,DNS timeout,vk
00:43:00,uslugi.yandex.ru,OK,200,HEAD,544.8,Ok,genatest
00:43:00,uspect.gitlab.yandexcloud.net,OK,200,HEAD,672.0,OK,genatest
00:43:00,utair.io,DNS_ERR,0,GET,0,DNS timeout,genatest
00:43:00,utair.ru,OK,200,HEAD,860.9,OK,genatest
00:43:00,uzum.uz,DNS_ERR,0,GET,0,DNS timeout,genatest
00:43:00,v2.zernovozam.ru,DNS_ERR,0,GET,0,DNS timeout,genatest
00:43:00,v2k.karofilm.ru,DNS_ERR,0,-,0,Domain not resolved,genatest
00:43:00,vagmen.ru,DNS_ERR,0,-,0,Domain not resolved,genatest
00:43:00,vale76.gitlab.yandexcloud.net,OK,200,HEAD,996.2,OK,genatest
00:43:00,vanta.ru,DNS_ERR,0,-,0,Domain not resolved,genatest
00:43:00,vastltd.gitlab.yandexcloud.net,DNS_ERR,0,GET,0,DNS timeout,genatest
00:43:00,vault.viomitra.ru,DNS_ERR,0,-,0,Domain not resolved,genatest
00:43:00,vaulterix.tander.ru,OK,200,HEAD,270.6,OK,genatest
00:43:00,vax-schedule.gitlab.yandexcloud.net,DNS_ERR,0,GET,0,DNS timeout,genatest
00:43:00,vc.zazu.group,DNS_ERR,0,GET,0,DNS timeout,genatest
00:43:00,ved-stage.web3tech.ru,DNS_ERR,0,GET,0,DNS timeout,genatest
00:43:00,venev-zavod.upline.studio,RST,0,GET,0,Connection refused,genatest
00:43:00,vepene.online,DNS_ERR,0,-,0,Domain not resolved,genatest
00:43:00,verafm.isupden.me,DNS_ERR,0,GET,0,DNS timeout,genatest
00:43:00,veza.ru,DNS_ERR,0,GET,0,DNS timeout,genatest
00:43:00,vezemkolesa.ru,DNS_ERR,0,GET,0,DNS timeout,genatest
00:43:00,vidaahub.com,DNS_ERR,0,-,0,Domain not resolved,genatest
00:43:00,videinfra.ru,RST,0,GET,0,Connection refused,genatest
00:43:00,video.cloud.yandex.net,SSL_ERR,0,GET,0,SSL handshake failed,genatest
00:43:00,vietved.com,DNS_ERR,0,GET,0,DNS timeout,genatest
00:43:00,vin-kode-stg.ru,DNS_ERR,0,-,0,Domain not resolved,genatest
00:43:00,vinnylegit.ru,DNS_ERR,0,GET,0,DNS timeout,genatest
00:43:00,violinorg.ru,SSL_ERR,0,GET,0,SSL handshake failed,genatest
00:43:00,viory.gitlab.yandexcloud.net,DNS_ERR,0,GET,0,DNS timeout,genatest
00:43:00,vivalia.ru,DNS_ERR,0,GET,0,DNS timeout,genatest
00:43:00,vk.com,HTTP_ERR,418,HEAD,384.8,418 ,genatest
00:43:00,vk.com,HTTP_ERR,418,HEAD,384.8,418 ,vk
00:43:00,vksecurity.org,SSL_ERR,0,GET,0,SSL handshake failed,genatest
00:43:00,vkurse.ru,DNS_ERR,0,GET,0,DNS timeout,genatest
00:43:00,vl3.cloud1u.info,DNS_ERR,0,GET,0,DNS timeout,genatest
00:43:00,vmesteapp.com,DNS_ERR,0,GET,0,DNS timeout,genatest
00:43:00,voelang.gitlab.yandexcloud.net,DNS_ERR,0,GET,0,DNS timeout,genatest
00:43:00,voice.prodamus.online,DNS_ERR,0,GET,0,DNS timeout,genatest
00:43:00,voicebot.codes-base.online,DNS_ERR,0,GET,0,DNS timeout,genatest
00:43:00,voindrakina.nicklaus.ru,DNS_ERR,0,GET,0,DNS timeout,genatest
00:43:00,voximplant.com,SSL_ERR,0,GET,0,SSL handshake failed,genatest
00:43:00,voximplant.xyz,DNS_ERR,0,GET,0,DNS timeout,genatest
00:43:00,vozovoz.org,DNS_ERR,0,GET,0,DNS timeout,genatest
00:43:00,vozovoz.ru,SSL_ERR,0,GET,0,SSL handshake failed,genatest
00:43:00,vp.moscow,DNS_ERR,0,GET,0,DNS timeout,genatest
00:43:00,vpn-dev.md-prod.ru,DNS_ERR,0,GET,0,DNS timeout,genatest
00:43:00,vpn-dev.oskelly.tech,DNS_ERR,0,GET,0,DNS timeout,genatest
00:43:00,vpn-ru.flocktory.ru,DNS_ERR,0,GET,0,DNS timeout,genatest
00:43:00,vpn.cdnswn.cc,DNS_ERR,0,GET,0,DNS timeout,genatest
00:43:00,vpn.doxswf.ru,DNS_ERR,0,GET,0,DNS timeout,genatest
00:43:00,vpn.finlab.ru,DNS_ERR,0,GET,0,DNS timeout,genatest
00:43:00,vpn.infosec.education-services.ru,DNS_ERR,0,GET,0,DNS timeout,genatest
00:43:00,vpn.insalesteam.ru,DNS_ERR,0,GET,0,DNS timeout,genatest
00:43:00,vpn.internal.setka.work,HTTP_ERR,404,HEAD,656.1,404 Not Found,genatest
00:43:00,vpn.lvtv.me,SSL_ERR,0,GET,0,SSL handshake failed,genatest
00:43:00,vpn.ooo--nika.ru,DNS_ERR,0,GET,0,DNS timeout,genatest
00:43:00,vpn.ooo-sk-pivko.ru,DNS_ERR,0,GET,0,DNS timeout,genatest
00:43:00,vpn.prodamus.ru,DNS_ERR,0,GET,0,DNS timeout,genatest
00:43:00,vpn.yandex.gnivc.ru,DNS_ERR,0,GET,0,DNS timeout,genatest
00:43:00,vpntype.dev,SSL_ERR,0,GET,0,SSL handshake failed,genatest
00:43:00,vsedrugoe.ru,DNS_ERR,0,GET,0,DNS timeout,genatest
00:43:00,vstar.gitlab.yandexcloud.net,DNS_ERR,0,GET,0,DNS timeout,genatest
00:43:00,vt-spb.gitlab.yandexcloud.net,DNS_ERR,0,GET,0,DNS timeout,genatest
00:43:00,vtt.hitsedesen.me,DNS_ERR,0,GET,0,DNS timeout,genatest
00:43:00,vvdev.gitlab.yandexcloud.net,DNS_ERR,0,GET,0,DNS timeout,genatest
00:43:00,vyosla.ru,DNS_ERR,0,GET,0,DNS timeout,genatest
00:43:00,wanderw.gitlab.yandexcloud.net,DNS_ERR,0,GET,0,DNS timeout,genatest
00:43:00,warehouse.hottie-cosmetics.ru,DNS_ERR,0,GET,0,DNS timeout,genatest
00:43:00,warehouse.myxcloud.ru,DNS_ERR,0,GET,0,DNS timeout,genatest
00:43:00,warsearch.ru,DNS_ERR,0,GET,0,DNS timeout,genatest
00:43:00,waynodes.ru,DNS_ERR,0,GET,0,DNS timeout,genatest
00:43:00,wazzup24.com,SSL_ERR,0,GET,0,SSL handshake failed,genatest
00:43:00,we-stage1.stage.we.itf-dev.ru,DNS_ERR,0,GET,0,DNS timeout,genatest
00:43:00,web-publishing.drreddys.ru,DNS_ERR,0,GET,0,DNS timeout,genatest
00:43:00,web.kumir.app,DNS_ERR,0,GET,0,DNS timeout,genatest
00:43:00,web3academy.pro,DNS_ERR,0,GET,0,DNS timeout,genatest
00:43:00,webbankir.com,HTTP_ERR,503,HEAD,376.0,503 Service Temporarily Unavailable,genatest
00:43:00,webbankir.team,DNS_ERR,0,GET,0,DNS timeout,genatest
00:43:00,weblate.mrnet.ru,DNS_ERR,0,GET,0,DNS timeout,genatest
00:43:00,webmail.4-led.ru,DNS_ERR,0,-,0,Domain not resolved,genatest
00:43:00,webpan.ru,DNS_ERR,0,GET,0,DNS timeout,genatest
00:43:00,webpower.ru,DNS_ERR,0,GET,0,DNS timeout,genatest
00:43:00,websoft.ru,OK,200,HEAD,414.0,OK,genatest
00:43:00,webtanais.gitlab.yandexcloud.net,DNS_ERR,0,GET,0,DNS timeout,genatest
00:43:00,wefreeapp.com,DNS_ERR,0,-,0,Domain not resolved,genatest
00:43:00,wgames.pro,OK,200,HEAD,1501.1,OK,genatest
00:43:00,wgtech.gitlab.yandexcloud.net,OK,200,HEAD,453.1,OK,genatest
00:43:00,white.empty-folder.cc,DNS_ERR,0,GET,0,DNS timeout,genatest
00:43:00,white.reshu.app,DNS_ERR,0,GET,0,DNS timeout,genatest
00:43:00,white.tsk-stream.ru,DNS_ERR,0,GET,0,DNS timeout,genatest
00:43:00,white2.nnvpn.io,DNS_ERR,0,GET,0,DNS timeout,genatest
00:43:00,whitelists-ii.maxononline.ru,DNS_ERR,0,-,0,Domain not resolved,genatest
00:43:00,whl.vpneurope.top,DNS_ERR,0,GET,0,DNS timeout,genatest
00:43:00,whoosh-cloud.com,SSL_ERR,0,GET,0,SSL handshake failed,genatest
00:43:00,wiki.zavodgames.ru,DNS_ERR,0,GET,0,DNS timeout,genatest
00:43:00,wikipedia.org,RST,0,GET,0,Connection refused,genatest
00:43:00,winscore.ru,SSL_ERR,0,GET,0,SSL handshake failed,genatest
00:43:00,wl-ru.1ij.online,DNS_ERR,0,-,0,Domain not resolved,genatest
00:43:00,wl.internetvsem.ru,SSL_ERR,0,GET,0,SSL handshake failed,genatest
00:43:00,wldp-gitlab-test-2.gitlab.yandexcloud.net,DNS_ERR,0,-,0,Domain not resolved,genatest
00:43:00,wonderink.ru,DNS_ERR,0,GET,0,DNS timeout,genatest
00:43:00,woodpecker.xorlet.ru,DNS_ERR,0,GET,0,DNS timeout,genatest
00:43:00,wordle.zorox112.ru,DNS_ERR,0,GET,0,DNS timeout,genatest
00:43:00,worker.sttsmntz.ru,HTTP_ERR,404,HEAD,211.5,404 Not Found,genatest
00:43:00,workle.dev,DNS_ERR,0,GET,0,DNS timeout,genatest
00:43:00,worknation.ru,OK,200,HEAD,301.7,OK,genatest
00:43:00,wospa.ru,DNS_ERR,0,GET,0,DNS timeout,genatest
00:43:00,ws.devtestprod.ru,DNS_ERR,0,GET,0,DNS timeout,genatest
00:43:00,wss.gasworkers.ru,DNS_ERR,0,GET,0,DNS timeout,genatest
00:43:00,wtf-prestable.korobka360.ru,DNS_ERR,0,GET,0,DNS timeout,genatest
00:43:00,wumvpn.ru,DNS_ERR,0,-,0,Domain not resolved,genatest
00:43:00,www.1-urist.ru,DNS_ERR,0,GET,0,DNS timeout,genatest
00:43:00,www.admin.eltis.com,DNS_ERR,0,-,0,Domain not resolved,genatest
00:43:00,www.agencylead.ru,DNS_ERR,0,GET,0,DNS timeout,genatest
00:43:00,www.alrosait.ru,DNS_ERR,0,GET,0,DNS timeout,genatest
00:43:00,www.app.bandeja.io,DNS_ERR,0,-,0,Domain not resolved,genatest
00:43:00,www.aurumit-tech.ru,DNS_ERR,0,GET,0,DNS timeout,genatest
00:43:00,www.autoprofi.com,DNS_ERR,0,GET,0,DNS timeout,genatest
00:43:00,www.beacen.ru,DNS_ERR,0,GET,0,DNS timeout,genatest
00:43:00,www.boardsolutions.online,RST,0,GET,0,Connection refused,genatest
00:43:00,www.cafe-neuro.ru,RST,0,GET,0,Connection refused,genatest
00:43:00,www.cf-med.ru,DNS_ERR,0,GET,0,DNS timeout,genatest
00:43:00,www.cks.group,DNS_ERR,0,GET,0,DNS timeout,genatest
00:43:00,www.cloudflare.com,RST,0,GET,0,Connection refused,genatest
00:43:00,www.crm.max-motors.ru,DNS_ERR,0,-,0,Domain not resolved,genatest
00:43:00,www.demoalb.ru,DNS_ERR,0,-,0,Domain not resolved,genatest
00:43:00,www.despine.ru,OK,200,HEAD,1197.2,OK,genatest
00:43:00,www.dineftyanik.ru,DNS_ERR,0,GET,0,DNS timeout,genatest
00:43:00,www.direct-med-service.ru,DNS_ERR,0,GET,0,DNS timeout,genatest
00:43:00,www.dolina-podarkov.ru,DNS_ERR,0,GET,0,DNS timeout,genatest
00:43:00,www.donatefyra.ru,DNS_ERR,0,GET,0,DNS timeout,genatest
00:43:00,www.epicday.ru,SSL_ERR,0,GET,0,SSL handshake failed,genatest
00:43:00,www.example.com,RST,0,GET,0,Connection refused,genatest
00:43:00,www.fake-attacker.online,DNS_ERR,0,GET,0,DNS timeout,genatest
00:43:00,www.fineapp.ru,DNS_ERR,0,-,0,Domain not resolved,genatest
00:43:00,www.fpa.ru,DNS_ERR,0,GET,0,DNS timeout,genatest
00:43:00,www.gdenovostroyki.ru,DNS_ERR,0,GET,0,DNS timeout,genatest
00:43:00,www.geran21.ru,DNS_ERR,0,GET,0,DNS timeout,genatest
00:43:00,www.it-opers.ru,DNS_ERR,0,-,0,Domain not resolved,genatest
00:43:00,www.jdaler.fun,DNS_ERR,0,GET,0,DNS timeout,genatest
00:43:00,www.kickboard.pro,DNS_ERR,0,GET,0,DNS timeout,genatest
00:43:00,www.kon-gor.com,DNS_ERR,0,GET,0,DNS timeout,genatest
00:43:00,www.luyefilling.ru,DNS_ERR,0,GET,0,DNS timeout,genatest
00:43:00,www.madvedo.ru,DNS_ERR,0,GET,0,DNS timeout,genatest
00:43:00,www.mail.likebz.ru,DNS_ERR,0,-,0,Domain not resolved,genatest
00:43:00,www.mama-fest.com,DNS_ERR,0,GET,0,DNS timeout,genatest
00:43:00,www.market.yandex.ru,HTTP_ERR,500,HEAD,1007.7,500 Internal Server Error,genatest
00:43:00,www.media-guide.tv,SSL_ERR,0,GET,0,SSL handshake failed,genatest
00:43:00,www.mindskills.pro,DNS_ERR,0,GET,0,DNS timeout,genatest
00:43:00,www.morpheusbed.ru,SSL_ERR,0,GET,0,SSL handshake failed,genatest
00:43:00,www.novochag.ru,OK,200,HEAD,333.0,OK,genatest
00:43:00,www.noytech.com,DNS_ERR,0,GET,0,DNS timeout,genatest
00:43:00,www.pennysheldon.com,DNS_ERR,0,GET,0,DNS timeout,genatest
00:43:00,www.presentologi.com,SSL_ERR,0,GET,0,SSL handshake failed,genatest
00:43:00,www.prostogeniy.ru,DNS_ERR,0,GET,0,DNS timeout,genatest
00:43:00,www.ratiofood.ru,DNS_ERR,0,-,0,Domain not resolved,genatest
00:43:00,www.rosspak.ru,DNS_ERR,0,GET,0,DNS timeout,genatest
00:43:00,www.rsscenter.cloud,DNS_ERR,0,-,0,Domain not resolved,genatest
00:43:00,www.rupost.ru,SSL_ERR,0,GET,0,SSL handshake failed,genatest
00:43:00,www.severalmaz.ru,DNS_ERR,0,GET,0,DNS timeout,genatest
00:43:00,www.sharing.veliot.pro,DNS_ERR,0,GET,0,DNS timeout,genatest
00:43:00,www.sidonia.store,DNS_ERR,0,GET,0,DNS timeout,genatest
00:43:00,www.spbran.ru,DNS_ERR,0,GET,0,DNS timeout,genatest
00:43:00,www.spirit-digital.ru,DNS_ERR,0,GET,0,DNS timeout,genatest
00:43:00,www.sport-42.ru,DNS_ERR,0,GET,0,DNS timeout,genatest
00:43:00,www.sravni-team.ru,DNS_ERR,0,GET,0,DNS timeout,genatest
00:43:00,www.sravni.market,DNS_ERR,0,GET,0,DNS timeout,genatest
00:43:00,www.starteamtest.ru,DNS_ERR,0,-,0,Domain not resolved,genatest
00:43:00,www.time.facct.ru,DNS_ERR,0,-,0,Domain not resolved,genatest
00:43:00,www.tko31.ru,DNS_ERR,0,GET,0,DNS timeout,genatest
00:43:00,www.unisender.com,SSL_ERR,0,GET,0,SSL handshake failed,genatest
00:43:00,www.vish-app.ru,DNS_ERR,0,GET,0,DNS timeout,genatest
00:43:00,www.vk,DNS_ERR,0,-,0,Domain not resolved,genatest
00:43:00,www.vlbb.ru,OK,200,HEAD,640.6,OK,genatest
00:43:00,www.w-hub.ru,DNS_ERR,0,GET,0,DNS timeout,genatest
00:43:00,www.xn----7sbgj4av1a.xn--p1ai,DNS_ERR,0,GET,0,DNS timeout,genatest
00:43:00,www.ydb-qdrant.tech,DNS_ERR,0,GET,0,DNS timeout,genatest
00:43:00,x-gps.ru,DNS_ERR,0,GET,0,DNS timeout,genatest
00:43:00,x10vpn.com,SSL_ERR,0,GET,0,SSL handshake failed,genatest
00:43:00,x12s.internal.xrteam.pro,DNS_ERR,0,GET,0,DNS timeout,genatest
00:43:00,x2.kedicode.tech,DNS_ERR,0,GET,0,DNS timeout,genatest
00:43:00,xdeepspace.gitlab.yandexcloud.net,DNS_ERR,0,GET,0,DNS timeout,genatest
00:43:00,xmatic.gitlab.yandexcloud.net,DNS_ERR,0,GET,0,DNS timeout,genatest
00:43:00,xn-----olcjtmca3agccs.xn--p1ai,DNS_ERR,0,GET,0,DNS timeout,genatest
00:43:00,xn----etbbdceraewfbrobfc2dq8b6p.xn--p1ai,DNS_ERR,0,GET,0,DNS timeout,genatest
00:43:00,xn--80aaahkdcznrfknynco6d7f8c.xn--p1ai,DNS_ERR,0,GET,0,DNS timeout,genatest
00:43:00,xn--80abz6a.online,DNS_ERR,0,GET,0,DNS timeout,genatest
00:43:00,xn--80aqooi4b.xn--p1acf,DNS_ERR,0,GET,0,DNS timeout,genatest
00:43:00,xn--80atlp0a.xn--p1ai,DNS_ERR,0,GET,0,DNS timeout,genatest
00:43:00,xn--c1aejlld.xn--p1ai,DNS_ERR,0,GET,0,DNS timeout,genatest
00:43:00,xn--e1agfbcn5b7am.xn----7sbhjd2ayhzdh3a.xn--p1ai,DNS_ERR,0,GET,0,DNS timeout,genatest
00:43:00,xn--i1ajcife.xn--80aswg,DNS_ERR,0,GET,0,DNS timeout,genatest
00:43:00,xn--j1ab.xn----7sbb5abhhudn8a5d8e.xn--p1ai,DNS_ERR,0,GET,0,DNS timeout,genatest
00:43:00,xn--n1aala.xn--p1acf,DNS_ERR,0,GET,0,DNS timeout,genatest
00:43:00,y1-rt.e11n.ru,DNS_ERR,0,GET,0,DNS timeout,genatest
00:43:00,y1.cloud.clickon.pro,DNS_ERR,0,GET,0,DNS timeout,genatest
00:43:00,ya.mihomus.ru,DNS_ERR,0,GET,0,DNS timeout,genatest
00:43:00,ya.r00t.men,DNS_ERR,0,GET,0,DNS timeout,genatest
00:43:00,ya.raspberryberry.ru,DNS_ERR,0,GET,0,DNS timeout,genatest
00:43:00,ya.realityvpn.ru,HTTP_ERR,404,HEAD,690.9,404 Not Found,genatest
00:43:00,yacd.wildservice.shop,RST,0,GET,0,Connection refused,genatest
00:43:00,yafoodgram.mooo.com,DNS_ERR,0,GET,0,DNS timeout,genatest
00:43:00,yahoo.com,RST,0,GET,0,Connection refused,genatest
00:43:00,yandex-51.shadow-net.site,DNS_ERR,0,GET,0,DNS timeout,genatest
00:43:00,yandex.delivery,OK,200,HEAD,694.5,OK,genatest
00:43:00,yandex.tr,SSL_ERR,0,GET,0,SSL handshake failed,genatest
00:43:00,yandex.tr,SSL_ERR,0,GET,0,SSL handshake failed,yandex
00:43:00,yandexyandex.ru,DNS_ERR,0,GET,0,DNS timeout,genatest
00:43:00,yarkiy.ru,SSL_ERR,0,GET,0,SSL handshake failed,genatest
00:43:00,yatest01.vk-cdn.com,DNS_ERR,0,GET,0,DNS timeout,genatest
00:43:00,yc-gopoints.ru,DNS_ERR,0,-,0,Domain not resolved,genatest
00:43:00,yc-nginx-a.fppressa.ru,SSL_ERR,0,GET,0,SSL handshake failed,genatest
00:43:00,yc-ps.gitlab.yandexcloud.net,DNS_ERR,0,GET,0,DNS timeout,genatest
00:43:00,yc-sp.fppressa.ru,DNS_ERR,0,GET,0,DNS timeout,genatest
00:43:00,yc.nikolay1.ru,DNS_ERR,0,GET,0,DNS timeout,genatest
00:43:00,yc.perspektiva-inva.ru,DNS_ERR,0,GET,0,DNS timeout,genatest
00:43:00,yc4-cdn.vidpotok.ru,DNS_ERR,0,GET,0,DNS timeout,genatest
00:43:00,yccdn.cloud.yandex.net,DNS_ERR,0,-,0,Domain not resolved,genatest
00:43:00,yestealth.moscow,SSL_ERR,0,GET,0,SSL handshake failed,genatest
00:43:00,yggdrasil.gitlab.yandexcloud.net,DNS_ERR,0,GET,0,DNS timeout,genatest
00:43:00,ylylybu.ru,DNS_ERR,0,GET,0,DNS timeout,genatest
00:43:00,yndx.x-ui.koderoff.ru,HTTP_ERR,403,GET,314.2,403 Forbidden,genatest
00:43:00,yoobaba.ru,DNS_ERR,0,GET,0,DNS timeout,genatest
00:43:00,youmyoum.io,DNS_ERR,0,GET,0,DNS timeout,genatest
00:43:00,youtravel.me,HTTP_ERR,503,HEAD,271.4,503 Service Temporarily Unavailable,genatest
00:43:00,ytbot.jumpingcrab.com,SSL_ERR,0,GET,0,SSL handshake failed,genatest
00:43:00,ytsaurus.tech,DNS_ERR,0,GET,0,DNS timeout,genatest
00:43:00,yulaskin.gitlab.yandexcloud.net,OK,200,HEAD,533.2,OK,genatest
00:43:00,zabbix.kengo.ru,DNS_ERR,0,GET,0,DNS timeout,genatest
00:43:00,zachot.me,DNS_ERR,0,GET,0,DNS timeout,genatest
00:43:00,zadeltest.7sites.ru,DNS_ERR,0,GET,0,DNS timeout,genatest
00:43:00,zanyatnye-izdeliya.ru,DNS_ERR,0,GET,0,DNS timeout,genatest
00:43:00,zaymigo.com,SSL_ERR,0,GET,0,SSL handshake failed,genatest
00:43:00,zcts.ru,DNS_ERR,0,GET,0,DNS timeout,genatest
00:43:00,zdravcity.gitlab.yandexcloud.net,OK,200,HEAD,457.5,OK,genatest
00:43:00,zenden.gitlab.yandexcloud.net,SSL_ERR,0,GET,0,SSL handshake failed,genatest
00:43:00,zenden.ru,DNS_ERR,0,GET,0,DNS timeout,genatest
00:43:00,zifirium.gitlab.yandexcloud.net,SSL_ERR,0,GET,0,SSL handshake failed,genatest
00:43:00,zildev.gitlab.yandexcloud.net,DNS_ERR,0,GET,0,DNS timeout,genatest
00:43:00,zoldol.ru,OK,200,HEAD,267.8,OK,genatest
00:43:00,zone11.irakhay.com,DNS_ERR,0,GET,0,DNS timeout,genatest
00:43:00,zulip.etecs.ru,SSL_ERR,0,GET,0,SSL handshake failed,genatest
00:43:00,zulip.geotec.ru,DNS_ERR,0,GET,0,DNS timeout,genatest
00:43:00,gismeteo.ru,SSL_ERR,0,GET,0,SSL handshake failed,gismeteo
00:43:00,gismeteo.st,DNS_ERR,0,-,0,Domain not resolved,gismeteo
00:43:00,Federal Gov.,DNS_ERR,0,-,0,Domain not resolved,gov
00:43:00,digital.gov.ru,DNS_ERR,0,GET,0,DNS timeout,gov
00:43:00,government.ru,DNS_ERR,0,GET,0,DNS timeout,gov
00:43:00,gov.ru,DNS_ERR,0,GET,0,DNS timeout,gov
00:43:00,mchs.gov.ru,OK,200,HEAD,856.1,OK,gov
00:43:00,xn--b1aew.xn--p1ai,HTTP_ERR,503,HEAD,679.0,503 Service Temporarily Unavailable,gov
00:43:00,xn----7sb7akeedqd.xn--p1ai,OK,200,HEAD,1138.2,OK,gov
00:43:00,kremlin.ru,DNS_ERR,0,GET,0,DNS timeout,gov
00:43:00,gosuslugi.ru,OK,200,HEAD,402.7,OK,gov
00:43:00,gu-st.ru,DNS_ERR,0,GET,0,DNS timeout,gov
00:43:00,emias.info,OK,200,HEAD,264.4,OK,gov
00:43:00,mgfoms.ru,SSL_ERR,0,GET,0,SSL handshake failed,gov
00:43:00,edu.ru,SSL_ERR,0,GET,0,SSL handshake failed,gov
00:43:00,cbr.ru,OK,200,HEAD,284.2,OK,gov
00:43:00,nalog.ru,DNS_ERR,0,GET,0,DNS timeout,gov
00:43:00,cikrf.ru,SSL_ERR,0,GET,0,SSL handshake failed,gov
00:43:00,izbirkom.ru,SSL_ERR,0,GET,0,SSL handshake failed,gov
00:43:00,mos.ru,OK,200,HEAD,661.3,OK,gov
00:43:00,mosreg.ru,OK,200,HEAD,264.6,OK,gov
00:43:00,spb.ru,SSL_ERR,0,GET,0,SSL handshake failed,gov
00:43:00,sevastopol.ru,DNS_ERR,0,-,0,Domain not resolved,gov
00:43:00,kchr.ru,OK,200,HEAD,419.0,OK,gov
00:43:00,tatarstan.ru,OK,200,HEAD,568.5,OK,gov
00:43:00,krd.ru,OK,200,HEAD,857.9,OK,gov
00:43:00,i-ola.ru,SSL_ERR,0,GET,0,SSL handshake failed,gov
00:43:00,vlc.ru,SSL_ERR,0,GET,0,SSL handshake failed,gov
00:43:00,xn--80acgfbsl1azdqr.xn--p1ai,SSL_ERR,0,GET,0,SSL handshake failed,gov
00:43:00,kemerovo.ru,OK,200,HEAD,640.0,OK,gov
00:43:00,kursk.ru,OK,200,HEAD,262.0,OK,gov
00:43:00,xn--80aacoonefzg3am8b1fsb.xn--p1ai,OK,200,HEAD,1749.4,OK,gov
00:43:00,pskov.ru,OK,200,HEAD,4093.6,OK,gov
00:43:00,er.ru,OK,200,HEAD,497.8,OK,gov
00:43:00,ldpr.ru,SSL_ERR,0,GET,0,SSL handshake failed,gov
00:43:00,newpeople.ru,SSL_ERR,0,GET,0,SSL handshake failed,gov
00:43:00,gpmdi.ru,OK,200,HEAD,261.3,OK,gpmdi
00:43:00,hh.ru,OK,200,HEAD,589.7,OK,hh
00:43:00,iz.ru,OK,200,HEAD,170.0,OK,izru
00:43:00,jivo.ru,OK,200,HEAD,748.1,OK,jivo
00:43:00,jivochat.com,OK,200,HEAD,861.8,OK,jivo
00:43:00,kaspersky-labs.com,SSL_ERR,0,GET,0,SSL handshake failed,kaspersky
00:43:00,kaspersky.com,OK,200,HEAD,254.9,OK,kaspersky
00:43:00,kaspersky.ru,OK,200,HEAD,448.3,OK,kaspersky
00:43:00,kommersant.ru,OK,200,HEAD,651.8,OK,kommersantru
00:43:00,krasyar.ru,OK,200,HEAD,964.9,OK,krasyar
00:43:00,kuper.ru,OK,200,HEAD,329.2,OK,kuper
00:43:00,lemanapro.ru,SSL_ERR,0,GET,0,SSL handshake failed,lemanapro
00:43:00,partners.lemanapro.ru,OK,200,HEAD,280.1,OK,lemanapro
00:43:00,static.lemanapro.ru,DNS_ERR,0,GET,0,DNS timeout,lemanapro
00:43:00,cdn.lemanapro.ru,HTTP_ERR,403,GET,104.8,403 Forbidden,lemanapro
00:43:00,lenta.com,OK,200,HEAD,786.9,OK,lenta
00:43:00,lenta.tech,SSL_ERR,0,GET,0,SSL handshake failed,lenta
00:43:00,lenta.ru,OK,200,HEAD,407.2,OK,lentaru
00:43:00,mm.ru,DNS_ERR,0,GET,0,DNS timeout,magnit
00:43:00,kazanexpress.ru,DNS_ERR,0,GET,0,DNS timeout,magnit
00:43:00,imgsmail.ru,OK,200,HEAD,675.4,OK,mailru
00:43:00,megafon.ru,OK,200,HEAD,1789.4,OK,megafon
00:43:00,megamarket.ru,OK,200,HEAD,353.7,OK,megamarket
00:43:00,api.megamarket.tech,HTTP_ERR,403,GET,211.0,403 Forbidden,megamarket
00:43:00,api.sbermarket.ru,DNS_ERR,0,GET,0,DNS timeout,megamarket
00:43:00,extra-cdn.sbermegamarket.ru,HTTP_ERR,504,GET,14528.0,504 Gateway Time-out,megamarket
00:43:00,www.moex.com,OK,200,HEAD,292.4,OK,moex
00:43:00,motivtelecom.ru,OK,200,HEAD,369.2,OK,motivtelecom
00:43:00,mts.ru,OK,200,HEAD,510.6,OK,mts
00:43:00,newizv.ru,OK,200,HEAD,192.2,OK,newizv
00:43:00,ngenix.net,HTTP_ERR,503,HEAD,355.5,503 Service Temporarily Unavailable,ngenix
00:43:00,ngenix.net,HTTP_ERR,503,HEAD,355.5,503 Service Temporarily Unavailable,wink
00:43:00,www.ntv.ru,OK,200,HEAD,234.3,OK,ntv
00:43:00,mycdn.me,HTTP_ERR,403,GET,246.3,403 Forbidden,ok
00:43:00,okcdn.ru,HTTP_ERR,403,GET,158.5,403 Forbidden,ok
00:43:00,okko.tv,OK,200,HEAD,180.5,OK,okko
00:43:00,okko.sport,OK,200,HEAD,1252.6,OK,okko
00:43:00,ozone.ru,UNKNOWN,0,GET,0,ServerDisconnectedError,ozon
00:43:00,ozonusercontent.com,DNS_ERR,0,-,0,Domain not resolved,ozon
00:43:00,playfamily.ru,OK,200,HEAD,585.9,OK,playfamily
00:43:00,pochta.ru,DNS_ERR,0,GET,0,DNS timeout,pochtaru
00:43:00,russianpost.ru,SSL_ERR,0,GET,0,SSL handshake failed,pochtaru
00:43:00,mobileapp.russianpost.ru,OK,200,HEAD,396.3,OK,pochtaru
00:43:00,psbank.ru,DNS_ERR,0,GET,0,DNS timeout,psbank
00:43:00,rambler.ru,OK,200,HEAD,778.4,OK,rambler
00:43:00,rostics.ru,HTTP_ERR,503,HEAD,333.0,503 Service Temporarily Unavailable,rostics
00:43:00,uni.rest,DNS_ERR,0,-,0,Domain not resolved,rostics
00:43:00,unirest.tech,DNS_ERR,0,GET,0,DNS timeout,rostics
00:43:00,rt.ru,OK,200,HEAD,861.9,OK,rt
00:43:00,qms.ru,OK,200,HEAD,777.8,OK,rt
00:43:00,rutubelist.ru,RST,0,GET,0,Connection reset by peer,rutube
00:43:00,ruvds.com,SSL_ERR,0,GET,0,SSL handshake failed,ruvds
00:43:00,rzd.ru,OK,200,HEAD,1367.1,,rzd
00:43:00,rzd-bonus.ru,OK,200,HEAD,261.2,OK,rzd
00:43:00,dzvr.ru,DNS_ERR,0,GET,0,DNS timeout,rzd
00:43:00,samokat.ru,OK,200,HEAD,411.6,OK,samokat
00:43:00,sev.ru,SSL_ERR,0,GET,0,SSL handshake failed,sevru
00:43:00,sleza.media,OK,200,HEAD,354.9,OK,sleza
00:43:00,smotrim.ru,OK,200,HEAD,333.4,OK,smotrim
00:43:00,t2.ru,HTTP_ERR,503,HEAD,308.0,503 Service Temporarily Unavailable,t2
00:43:00,targetads.io,OK,200,HEAD,456.6,OK,targetads
00:43:00,tass.ru,OK,200,HEAD,314.7,OK,tass
00:43:00,taxsee.com,OK,200,HEAD,610.8,OK,taxsee
00:43:00,tbank.ru,SSL_ERR,0,GET,0,SSL handshake failed,tbank
00:43:00,cdn-tinkoff.ru,DNS_ERR,0,GET,0,DNS timeout,tbank
00:43:00,tbank-online.com,SSL_ERR,0,GET,0,SSL handshake failed,tbank
00:43:00,timeweb.com,OK,200,HEAD,412.7,OK,timeweb
00:43:00,timeweb.cloud,OK,200,HEAD,338.7,OK,timeweb
00:43:00,tnt-online.ru,OK,200,HEAD,346.8,OK,tnt
00:43:00,topdelivery.ru,OK,200,HEAD,741.7,OK,topdelivery
00:43:00,tutu.ru,OK,200,HEAD,776.7,OK,tutu
00:43:00,tu-tu.ru,HTTP_ERR,403,GET,63.0,403 Forbidden,tutu
00:43:00,usedesk.ru,OK,200,HEAD,793.4,OK,usedesk
00:43:00,uxfeedback.ru,OK,200,HEAD,305.6,OK,uxfeedback
00:43:00,vgtrk.ru,OK,200,HEAD,335.6,OK,vgtrk
00:43:00,victoria-group.ru,OK,200,HEAD,704.0,OK,victoria-group
00:43:00,vk-apps.com,OK,200,HEAD,353.8,OK,vk
00:43:00,vk-apps.ru,OK,200,HEAD,273.4,OK,vk
00:43:00,vk-cdn.me,SSL_ERR,0,GET,0,SSL handshake failed,vk
00:43:00,vkcloud-static.ru,HTTP_ERR,503,HEAD,1308.6,503 Service Unavailable,vk
00:43:00,vk-portal.net,HTTP_ERR,404,HEAD,419.7,404 Not Found,vk
00:43:00,vk.cc,HTTP_ERR,418,HEAD,606.7,418 ,vk
00:43:00,vk.company,OK,200,HEAD,565.7,OK,vk
00:43:00,vk.design,HTTP_ERR,418,HEAD,480.2,418 ,vk
00:43:00,vk.link,HTTP_ERR,418,HEAD,360.4,418 ,vk
00:43:00,vk.me,HTTP_ERR,418,HEAD,356.9,418 ,vk
00:43:00,vk.ru,HTTP_ERR,418,HEAD,262.1,418 ,vk
00:43:00,vk.team,OK,200,HEAD,889.4,OK,vk
00:43:00,vkontakte.ru,HTTP_ERR,418,HEAD,276.1,418 ,vk
00:43:00,vkuseraudio.com,HTTP_ERR,418,HEAD,670.1,418 ,vk
00:43:00,vkuseraudio.net,HTTP_ERR,418,HEAD,620.9,418 ,vk
00:43:00,vkuseraudio.ru,HTTP_ERR,418,HEAD,341.9,418 ,vk
00:43:00,vkuserlive.net,HTTP_ERR,404,HEAD,343.6,404 Not Found,vk
00:43:00,vkuserphoto.ru,HTTP_ERR,418,HEAD,584.9,418 ,vk
00:43:00,vkuservideo.com,HTTP_ERR,418,HEAD,780.9,418 ,vk
00:43:00,vkuservideo.net,HTTP_ERR,418,HEAD,675.0,418 ,vk
00:43:00,vkuservideo.ru,HTTP_ERR,418,HEAD,773.9,418 ,vk
00:43:00,vkvideo.ru,HTTP_ERR,418,HEAD,265.2,418 ,vk
00:43:00,vkusnoitochka.ru,OK,200,HEAD,939.7,OK,vkusnoitochka
00:43:00,vkusvill.ru,OK,200,HEAD,926.5,OK,vkusvill
00:43:00,vtb.ru,DNS_ERR,0,GET,0,DNS timeout,vtb
00:43:00,wb.ru,HTTP_ERR,498,GET,339.5,498 ,wb
00:43:00,wildberries.ru,DNS_ERR,0,GET,0,DNS timeout,wb
00:43:00,whoosh.bike,OK,200,HEAD,491.8,OK,whoosh
00:43:00,api.whoosh.bike,HTTP_ERR,403,GET,146.3,403 Forbidden,whoosh
00:43:00,wink.ru,DNS_ERR,0,GET,0,DNS timeout,wink
00:43:00,restream-media.net,DNS_ERR,0,-,0,Domain not resolved,wink
00:43:00,5ka.ru,OK,200,HEAD,287.6,OK,x5
00:43:00,5post.market,OK,200,HEAD,555.6,OK,x5
00:43:00,chizhik.club,OK,200,HEAD,274.1,OK,x5
00:43:00,clubx5.ru,RST,0,GET,0,Connection reset by peer,x5
00:43:00,dialogx5.ru,DNS_ERR,0,GET,0,DNS timeout,x5
00:43:00,e5.ru,OK,200,HEAD,303.3,OK,x5
00:43:00,fivepost.ru,OK,200,HEAD,297.7,OK,x5
00:43:00,idx5.ru,OK,200,HEAD,538.2,OK,x5
00:43:00,jx5.ru,OK,200,HEAD,265.2,OK,x5
00:43:00,keyx5.ru,DNS_ERR,0,GET,0,DNS timeout,x5
00:43:00,mnogolososya.ru,OK,200,HEAD,512.0,OK,x5
00:43:00,myapelsin.ru,OK,200,HEAD,271.7,OK,x5
00:43:00,okolo.app,OK,200,HEAD,301.5,OK,x5
00:43:00,x5.ru,OK,200,HEAD,1100.1,OK,x5
00:43:00,x5.tech,OK,200,HEAD,708.5,OK,x5
00:43:00,x5club.ru,OK,200,HEAD,302.1,OK,x5
00:43:00,x5id.ru,OK,200,HEAD,388.4,OK,x5
00:43:00,x5l.ru,OK,200,HEAD,252.4,OK,x5
00:43:00,x5paket.ru,OK,200,HEAD,304.3,OK,x5
00:43:00,x5q.ru,OK,200,HEAD,563.6,OK,x5
00:43:00,x5w.ru,SSL_ERR,0,GET,0,SSL handshake failed,x5
00:43:00,tsx.x5static.net,OK,200,HEAD,355.5,OK,x5
00:43:00,All .yandex domains,DNS_ERR,0,-,0,Domain not resolved,yandex
00:43:00,яндекс.рф,OK,200,HEAD,950.0,Ok,yandex
00:43:00,xn--d1acpjx3f.xn--p1ai,OK,200,HEAD,664.4,Ok,yandex
00:43:00,adfox.ru,OK,200,HEAD,1033.0,Ok,yandex
00:43:00,rostaxi.org,HTTP_ERR,404,HEAD,833.7,404 Not Found,yandex
00:43:00,turbopages.org,HTTP_ERR,404,HEAD,411.8,404 Not found,yandex
00:43:00,webvisor.com,OK,200,HEAD,363.1,OK,yandex
00:43:00,ya.ru,OK,200,HEAD,423.5,Ok,yandex
00:43:00,yandex-images.clstorage.net,HTTP_ERR,403,GET,85.7,403 Forbidden,yandex
00:43:00,yandex-team.ru,OK,200,HEAD,1172.4,OK,yandex
00:43:00,yandex.aero,OK,200,HEAD,1233.1,OK,yandex
00:43:00,yandex.az,OK,200,HEAD,468.3,Ok,yandex
00:43:00,yandex.by,OK,200,HEAD,504.0,Ok,yandex
00:43:00,yandex.cloud,OK,200,GET,693.6,OK,yandex
00:43:00,yandex.co.il,OK,200,HEAD,487.5,Ok,yandex
00:43:00,yandex.com,OK,200,HEAD,478.8,Ok,yandex
00:43:00,yandex.com.am,OK,200,HEAD,478.3,Ok,yandex
00:43:00,yandex.com.ge,OK,200,HEAD,336.7,Ok,yandex
00:43:00,yandex.com.ru,OK,200,HEAD,665.6,Ok,yandex
00:43:00,yandex.com.tr,SSL_ERR,0,GET,0,SSL handshake failed,yandex
00:43:00,yandex.de,OK,200,HEAD,954.5,Ok,yandex
00:43:00,yandex.ee,OK,200,HEAD,750.5,Ok,yandex
00:43:00,yandex.eu,OK,200,HEAD,711.8,Ok,yandex
00:43:00,yandex.fi,OK,200,HEAD,714.8,Ok,yandex
00:43:00,yandex.fr,OK,200,HEAD,1025.6,OK,yandex
00:43:00,yandex.jobs,OK,200,HEAD,972.4,OK,yandex
00:43:00,yandex.kz,RST,0,GET,0,Connection refused,yandex
00:43:00,yandex.lt,OK,200,HEAD,642.0,Ok,yandex
00:43:00,yandex.lv,OK,200,HEAD,551.8,Ok,yandex
00:43:00,yandex.md,OK,200,HEAD,416.6,Ok,yandex
00:43:00,yandex.net,OK,200,HEAD,705.4,Ok,yandex
00:43:00,yandex.org,OK,200,HEAD,710.1,Ok,yandex
00:43:00,yandex.pl,OK,200,GET,399.6,Ok,yandex
00:43:00,yandex.ru,OK,200,GET,799.5,OK,yandex
00:43:00,yandex.st,OK,200,HEAD,1072.4,,yandex
00:43:00,yandex.tj,OK,200,HEAD,330.3,Ok,yandex
00:43:00,yandex.tm,OK,200,HEAD,437.1,Ok,yandex
00:43:00,yandex.uz,OK,200,HEAD,413.6,Ok,yandex
00:43:00,yandexadexchange.net,OK,200,HEAD,295.5,OK,yandex
00:43:00,yastat.net,OK,200,HEAD,1063.0,,yandex
00:43:00,yastatic.net,OK,200,HEAD,990.8,Ok,yandex
00:43:00,skcrtxr.com,DNS_ERR,0,GET,0,DNS timeout,yandex
00:43:00,kinopoisk.ru,OK,200,HEAD,1015.0,OK,yandex
00:43:00,kinopoisk-ru.clstorage.net,HTTP_ERR,403,GET,53.5,403 Forbidden,yandex
00:43:00,inappstory.ru,OK,200,HEAD,648.1,OK,yandex
00:43:00,zentotem.net,OK,200,HEAD,346.8,OK,zentotem
